-- phpMyAdmin SQL Dump
-- version 4.8.5
-- https://www.phpmyadmin.net/
--
-- Host: 127.0.0.1
-- Generation Time: 10-Dez-2019 às 23:57
-- Versão do servidor: 10.1.38-MariaDB
-- versão do PHP: 7.3.4

SET SQL_MODE = "NO_AUTO_VALUE_ON_ZERO";
SET AUTOCOMMIT = 0;
START TRANSACTION;
SET time_zone = "+00:00";


/*!40101 SET @OLD_CHARACTER_SET_CLIENT=@@CHARACTER_SET_CLIENT */;
/*!40101 SET @OLD_CHARACTER_SET_RESULTS=@@CHARACTER_SET_RESULTS */;
/*!40101 SET @OLD_COLLATION_CONNECTION=@@COLLATION_CONNECTION */;
/*!40101 SET NAMES utf8mb4 */;

--
-- Database: `bdmovimentomensal`
--
CREATE DATABASE IF NOT EXISTS `bdmovimentomensal` DEFAULT CHARACTER SET utf8 COLLATE utf8_unicode_ci;
USE `bdmovimentomensal`;

-- --------------------------------------------------------

--
-- Estrutura da tabela `conta`
--

CREATE TABLE `conta` (
  `Id_Conta` int(11) NOT NULL,
  `Agencia_Conta` varchar(255) COLLATE utf8_unicode_ci DEFAULT NULL,
  `Banco_Conta` varchar(255) COLLATE utf8_unicode_ci DEFAULT NULL,
  `Nome_Conta` varchar(255) COLLATE utf8_unicode_ci DEFAULT NULL,
  `Numero_Conta` varchar(255) COLLATE utf8_unicode_ci DEFAULT NULL
) ENGINE=InnoDB DEFAULT CHARSET=utf8 COLLATE=utf8_unicode_ci;

--
-- Extraindo dados da tabela `conta`
--

INSERT INTO `conta` (`Id_Conta`, `Agencia_Conta`, `Banco_Conta`, `Nome_Conta`, `Numero_Conta`) VALUES
(1, '4133-5', '756', 'SICOOB', '902.660-6'),
(2, '0077-9', '004', 'NORDESTE', '5.184-6'),
(3, '1893', '237', 'BRADESCO', '1.952-6'),
(4, '3154', '241', 'ITAÚ', '37.546-7');

-- --------------------------------------------------------

--
-- Estrutura da tabela `contato`
--

CREATE TABLE `contato` (
  `Id_Contato` int(11) NOT NULL,
  `Agencia_Contato` varchar(255) COLLATE utf8_unicode_ci DEFAULT NULL,
  `Banco_Contato` varchar(255) COLLATE utf8_unicode_ci DEFAULT NULL,
  `Conta_Contato` varchar(255) COLLATE utf8_unicode_ci DEFAULT NULL,
  `Nome_Contato` varchar(255) COLLATE utf8_unicode_ci DEFAULT NULL,
  `Telefone_Contato` varchar(255) COLLATE utf8_unicode_ci DEFAULT NULL
) ENGINE=InnoDB DEFAULT CHARSET=utf8 COLLATE=utf8_unicode_ci;

--
-- Extraindo dados da tabela `contato`
--

INSERT INTO `contato` (`Id_Contato`, `Agencia_Contato`, `Banco_Contato`, `Conta_Contato`, `Nome_Contato`, `Telefone_Contato`) VALUES
(1, '', '', '', 'ALEXANDRINA LÚCIA', ''),
(2, '', '', '', 'ALICE NARDIELLE', ''),
(3, '', '', '', 'ALVINO', ''),
(4, '', '', '', 'ALYNE', ''),
(5, '', '', '', 'ALYNE CRISTINA', ''),
(6, '', '', '', 'APPLE', ''),
(7, '', '', '', 'AQUARELA PAPELARIA', ''),
(8, '', '', '', 'AVAST INTERNET', ''),
(9, '', '', '', 'AVENIDA SUPERMERCADO', ''),
(10, '', '', '', 'AYDIL', ''),
(11, '', '', '', 'AZ MOTOS HONDA', ''),
(12, '', '', '', 'AZEVEDO COMERCIO', ''),
(13, '', '', '', 'BANCO CETELEM', ''),
(14, '', '', '', 'BANCO DO BRASIL', ''),
(15, '', '', '', 'BANCO DO NORDESTE', ''),
(16, '', '', '', 'BANCO ITAU', ''),
(17, '', '', '', 'BANCO SANTANDER', ''),
(18, '', '', '', 'BAR DO GIOVANNI', ''),
(19, '', '', '', 'BARBARA PALMA', ''),
(20, '', '', '', 'BB BATERIAS', ''),
(21, '', '', '', 'BOBS FAST FOOD BH', ''),
(22, '', '', '', 'BORRACHARIA SANGUE', ''),
(23, '', '', '', 'BRADESCO', ''),
(24, '', '', '', 'BRENO DE CARVALHO', ''),
(25, '', '', '', 'BRETAS ATACAREJO', ''),
(26, '', '', '', 'BRUNA', ''),
(27, '', '', '', 'BRUNO MARRETA', ''),
(28, '', '', '', 'CACAU SHOW', ''),
(29, '', '', '', 'CANECART', ''),
(30, '', '', '', 'CASAS BAHIA', ''),
(31, '', '', '', 'CASSIA', ''),
(32, '', '', '', 'CECILIA MODAS', ''),
(33, '', '', '', 'CEMIG', ''),
(34, '', '', '', 'CINEMARK', ''),
(35, '', '', '', 'CONCURSO', ''),
(36, '', '', '', 'CORDEIRO SUPERMERCADO', ''),
(37, '', '', '', 'CORTELUX', ''),
(38, '', '', '', 'CRISTINA', ''),
(39, '', '', '', 'CROSS LIFE PIO XII', ''),
(40, '', '', '', 'DETRAN', ''),
(41, '', '', '', 'DIEGO SOUZA', ''),
(42, '', '', '', 'DISK GÁS SUPER RÁPIDO', ''),
(43, '', '', '', 'DONA MARIETA', ''),
(44, '', '', '', 'DOZINETTI HOT DOG', ''),
(45, '', '', '', 'DROGANILDA', ''),
(46, '', '', '', 'DROGARIA CRISTINA', ''),
(47, '', '', '', 'DROGARIA SÃO GERALDO', ''),
(48, '', '', '', 'ELETROSOM', ''),
(49, '', '', '', 'ELETROZEMA', ''),
(50, '', '', '', 'ÉPOCA COSMÉTICOS', ''),
(51, '', '', '', 'ESPAÇO BREJA EGNALDO', ''),
(52, '', '', '', 'ESPAÇO SANTO ANTONIO', ''),
(53, '', '', '', 'ESPETINHO DO CEARA', ''),
(54, '', '', '', 'ESPETINHO PIO XII', ''),
(55, '', '', '', 'ESTAÇÃO LANCHES', ''),
(56, '', '', '', 'ESTEFANIA NEPOMUCENO', ''),
(57, '', '', '', 'EXOTIKUS MOTEL', ''),
(58, '', '', '', 'FACEBURGER LANCHES', ''),
(59, '', '', '', 'FERNANDA CARNEIRO', ''),
(60, '', '', '', 'GAL BOLOS', ''),
(61, '', '', '', 'GISLENE', ''),
(62, '', '', '', 'GLAUCIA', ''),
(63, '', '', '', 'GLORIA', ''),
(64, '', '', '', 'GONTIJO', ''),
(65, '', '', '', 'GOOGLE PLAY', ''),
(66, '', '', '', 'GUILHERME KESIO', ''),
(67, '', '', '', 'HOSPITAL DE OLHOS NORTE DE MINAS', ''),
(68, '', '', '', 'INSTITUTO NACIONAL DE PREVIDÊNCIA SOCIAL', ''),
(69, '', '', '', 'JOSE RAIMUNDO', ''),
(70, '', '', '', 'KAKAS BAR E RESTAURANTE', ''),
(71, '', '', '', 'LARISSA BOAVENTURA', ''),
(72, '', '', '', 'LEANDRO', ''),
(73, '', '', '', 'LEONARDO AFONSO', ''),
(74, '', '', '', 'LUIDY ALAN', ''),
(75, '', '', '', 'MARISA', ''),
(76, '', '', '', 'MAURICIO LEANDRO', ''),
(77, '', '', '', 'MERCADO LIVRE', ''),
(78, '', '', '', 'MISTER CHIEFF RESTAURANTE', ''),
(79, '', '', '', 'MOTOTAXISTA', ''),
(80, '', '', '', 'NETFLIX', ''),
(81, '', '', '', 'NETSHOES', ''),
(82, '', '', '', 'O BOTICARIO', ''),
(83, '', '', '', 'OMA TECIDOS', ''),
(84, '', '', '', 'PADARIA ITAPOÃ', ''),
(85, '', '', '', 'PALLOMA AKEIMY', ''),
(86, '', '', '', 'PAMELA', ''),
(87, '', '', '', 'PATRICIA MESQUITA', ''),
(88, '', '', '', 'PEDRO HENRIQUE', ''),
(89, '', '', '', 'PIRABOLA SHOW', ''),
(90, '', '', '', 'POSTO 3 PALMEIRAS', ''),
(91, '', '', '', 'POSTO LUCIANA', ''),
(92, '', '', '', 'POSTO PIO XII', ''),
(93, '', '', '', 'PUNGAS BAR', ''),
(94, '', '', '', 'RECEITA FEDERAL', ''),
(95, '', '', '', 'RESTAURANTE PORTO DO PEIXE', ''),
(96, '', '', '', 'RESTAURANTE SPAGUETTINI', ''),
(97, '', '', '', 'ROBERTA SIEGA', ''),
(98, '', '', '', 'ROSA', ''),
(99, '', '', '', 'ROSE SICOOB', ''),
(100, '', '', '', 'SAAE', ''),
(101, '', '', '', 'SAMARA', ''),
(102, '', '', '', 'SAMARA LAYANE', ''),
(103, '', '', '', 'SAMUEL GOMES', ''),
(104, '', '', '', 'SAMUEL SANTANA', ''),
(105, '', '', '', 'SÃO PAULO FUTEBOL CLUBE', ''),
(106, '', '', '', 'SICOOB SERTÃO MINAS', ''),
(107, '', '', '', 'SKALA SPORTS', ''),
(108, '', '', '', 'SKALIBUR BEER', ''),
(109, '', '', '', 'SPOTIFY', ''),
(110, '', '', '', 'SUBMARINO', ''),
(111, '', '', '', 'TAXI BELO HORIZONTE', ''),
(112, '', '', '', 'TAYSSA MARA', ''),
(113, '', '', '', 'TELEMAR', ''),
(114, '', '', '', 'TERMINAL RODOVIÁRIO BH', ''),
(115, '', '', '', 'TERMINAL RODOVIÁRIO PIRAPORA', ''),
(116, '', '', '', 'TRÂNSITO LIVRE', ''),
(117, '', '', '', 'UNE', ''),
(118, '', '', '', 'VANILDA', ''),
(119, '', '', '', 'VIVO', ''),
(120, '', '', '', 'VOVÓ LORA', ''),
(121, '', '', '', 'WANDERSON', ''),
(122, '', '', '', 'RAPHAEL RUAS SICOOB', ''),
(123, '', '', '', 'WANDERLEY', '');

-- --------------------------------------------------------

--
-- Estrutura da tabela `forma_pagamento`
--

CREATE TABLE `forma_pagamento` (
  `Id_FormaPagamento` int(11) NOT NULL,
  `Descricao_FormaPagamento` varchar(255) COLLATE utf8_unicode_ci DEFAULT NULL
) ENGINE=InnoDB DEFAULT CHARSET=utf8 COLLATE=utf8_unicode_ci;

--
-- Extraindo dados da tabela `forma_pagamento`
--

INSERT INTO `forma_pagamento` (`Id_FormaPagamento`, `Descricao_FormaPagamento`) VALUES
(1, 'CARTÃO NETSHOES'),
(2, 'CARTÃO OUROCARD'),
(3, 'CARTÃO SANTANDER'),
(4, 'CARTÃO SICOOB'),
(5, 'CARTÃO SUBMARINO'),
(6, 'CHEQUE'),
(7, 'DÉBITO'),
(8, 'DÉPOSITO'),
(9, 'DINHEIRO'),
(10, 'FOLHA PAGAMENTO'),
(11, 'TRANSFERÊNCIA'),
(12, 'BOLETO'),
(13, 'EMPRESTIMO');

-- --------------------------------------------------------

--
-- Estrutura da tabela `lancamento_conta`
--

CREATE TABLE `lancamento_conta` (
  `Id_LancamentoConta` int(11) NOT NULL,
  `Descricao_LancamentoConta` varchar(255) COLLATE utf8_unicode_ci DEFAULT NULL
) ENGINE=InnoDB DEFAULT CHARSET=utf8 COLLATE=utf8_unicode_ci;

--
-- Extraindo dados da tabela `lancamento_conta`
--

INSERT INTO `lancamento_conta` (`Id_LancamentoConta`, `Descricao_LancamentoConta`) VALUES
(1, 'CHEQUE'),
(2, 'CRÉDITO'),
(3, 'DÉBITO'),
(4, 'DEPÓSITO'),
(5, 'EMPRESTIMO'),
(6, 'IOF'),
(7, 'JUROS'),
(8, 'PAGAMENTO'),
(9, 'RENDIMENTO'),
(10, 'SALÁRIO'),
(11, 'SALDO'),
(12, 'SAQUE'),
(13, 'SEGURO'),
(14, 'SUBSCRIÇÃO'),
(15, 'TARIFA'),
(16, 'TED'),
(17, 'TRANSFERÊNCIA');

-- --------------------------------------------------------

--
-- Estrutura da tabela `lancamento_pagamento`
--

CREATE TABLE `lancamento_pagamento` (
  `Id_LancamentoPagamento` int(11) NOT NULL,
  `Descricao_LancamentoPagamento` varchar(255) COLLATE utf8_unicode_ci DEFAULT NULL
) ENGINE=InnoDB DEFAULT CHARSET=utf8 COLLATE=utf8_unicode_ci;

--
-- Extraindo dados da tabela `lancamento_pagamento`
--

INSERT INTO `lancamento_pagamento` (`Id_LancamentoPagamento`, `Descricao_LancamentoPagamento`) VALUES
(1, 'ALIMENTAÇÃO'),
(2, 'ANUIDADE'),
(3, 'CABELO'),
(4, 'CALÇADO'),
(5, 'CAPITAL'),
(6, 'CARTÃO BANCO DO BRASIL OUROCARD'),
(7, 'CARTÃO ITAÚ NETSHOES'),
(8, 'CARTÃO SANTANDER FREE'),
(9, 'CARTÃO SICOOBCARD'),
(10, 'CARTÃO SUBMARINO'),
(11, 'CASA'),
(12, 'CELULAR'),
(13, 'COMBUSTIVEL'),
(14, 'COMISSÃO'),
(15, 'CONCURSO'),
(16, 'DOAÇÃO'),
(17, 'EMPRESTIMO'),
(18, 'ENCARGOS'),
(19, 'FACULDADE'),
(20, 'FRETE'),
(21, 'HIGIENE'),
(22, 'INFORMATICA'),
(23, 'INSS'),
(24, 'INTERNET'),
(25, 'IOF'),
(26, 'IRRF'),
(27, 'JOGOS'),
(28, 'JUROS'),
(29, 'LANCHE'),
(30, 'LAZER'),
(31, 'LIVROS'),
(32, 'LOTERIA'),
(33, 'MOTO'),
(34, 'MULTA'),
(35, 'NETFLIX'),
(36, 'NOTEBOOK'),
(37, 'PARCELAMENTO'),
(38, 'PATINS'),
(39, 'PRESENTES'),
(40, 'PRESTAÇÃO DE CONTAS'),
(41, 'RIFA'),
(42, 'SAÚDE'),
(43, 'SEGURO'),
(44, 'SÓCIO TORCEDOR'),
(45, 'SOFTWARE'),
(46, 'SPOTIFY'),
(47, 'TARIFA'),
(48, 'TRANSPORTE'),
(49, 'TV A CABO'),
(50, 'VESTUARIO');

-- --------------------------------------------------------

--
-- Estrutura da tabela `meu_pagamento`
--

CREATE TABLE `meu_pagamento` (
  `Id_MeuPagamento` int(11) NOT NULL,
  `Desc_MeuPagamento` varchar(255) COLLATE utf8_unicode_ci DEFAULT NULL,
  `Pagamento_MeuPagamento` date DEFAULT NULL,
  `Valor_MeuPagamento` decimal(19,2) DEFAULT NULL,
  `Vencimento_MeuPagamento` date DEFAULT NULL,
  `Contato_MeuPagamento_Id_Contato` int(11) NOT NULL,
  `Forma_MeuPagamento_Id_FormaPagamento` int(11) NOT NULL,
  `Lancamento_MeuPagamento_Id_LancamentoPagamento` int(11) NOT NULL
) ENGINE=InnoDB DEFAULT CHARSET=utf8 COLLATE=utf8_unicode_ci;

--
-- Extraindo dados da tabela `meu_pagamento`
--

INSERT INTO `meu_pagamento` (`Id_MeuPagamento`, `Desc_MeuPagamento`, `Pagamento_MeuPagamento`, `Valor_MeuPagamento`, `Vencimento_MeuPagamento`, `Contato_MeuPagamento_Id_Contato`, `Forma_MeuPagamento_Id_FormaPagamento`, `Lancamento_MeuPagamento_Id_LancamentoPagamento`) VALUES
(1, 'CHEQUE GELADEIRA 05/06', '2019-01-02', '126.34', '2019-01-02', 48, 6, 11),
(2, 'IOF JANEIRO', '2019-01-02', '0.13', '2019-01-02', 16, 7, 25),
(3, 'IOF CHEQUE ESPECIAL JANEIRO', '2019-01-02', '0.77', '2019-01-02', 106, 7, 25),
(4, 'LANCHE CAF? DA TARDE', '2019-01-03', '17.21', '2019-01-03', 9, 7, 29),
(5, 'INTEGRALIZA??O CAPITAL JANEIRO', '2019-01-03', '10.00', '2019-01-03', 106, 7, 5),
(6, 'PACOTE TARIFAS JANEIRO', '2019-01-04', '16.00', '2019-01-04', 15, 7, 47),
(7, 'TARIFA EMISS?O DE TED', '2019-01-04', '10.20', '2019-01-04', 16, 7, 47),
(8, 'FEIJOADA BATICUNDUM (B?RBARA)', '2019-01-04', '20.00', '2019-01-04', 19, 9, 41),
(9, 'LANCHE ALMO?O', '2019-01-04', '12.00', '2019-01-04', 55, 7, 29),
(10, 'TENIS SKALA PARCELA 01/05', '2019-01-04', '132.00', '2019-01-04', 107, 9, 4),
(11, 'TENIS SKALA PARCELA 02/05', '2019-01-04', '129.00', '2019-01-04', 107, 9, 4),
(12, 'CONSIGNADO JANEIRO', '2019-01-04', '335.01', '2019-01-04', 106, 10, 17),
(13, 'INSS JANEIRO', '2019-01-04', '160.04', '2019-01-04', 68, 10, 23),
(14, 'CR?DITO PESSOAL 01/2018 12/12', '2019-01-07', '204.69', '2019-01-07', 23, 7, 17),
(15, 'SEGURO VIDA JANEIRO', '2019-01-07', '31.19', '2019-01-07', 106, 7, 42),
(16, 'TARIFA MANUTEN??O DE CONTA JANEIRO', '2019-01-08', '34.00', '2019-01-08', 23, 7, 47),
(17, 'MENSALIDADE SKY JANEIRO', '2019-01-08', '100.00', '2019-01-08', 5, 11, 49),
(18, 'ANUIDADE JANEIRO', '2019-01-08', '14.00', '2019-01-08', 16, 1, 2),
(19, 'ANUIDADE PARCELADO 02/04', '2019-01-08', '3.12', '2019-01-08', 16, 1, 2),
(20, 'CAMISA REDSOX 01/10 PARCELADO 02/04', '2019-01-08', '3.88', '2019-01-08', 77, 1, 50),
(21, 'CAMISA REDSOX 03/10', '2019-01-08', '18.08', '2019-01-08', 77, 1, 50),
(22, 'CAMISA S?O PAULO 2018 03/04 PARCELADO 02/04', '2019-01-08', '10.03', '2019-01-08', 81, 1, 50),
(23, 'COLCH?O INFLAVEL PARCELADO 02/04', '2019-01-08', '19.40', '2019-01-08', 48, 1, 30),
(24, 'JUROS PARCELAMENTO 02/04', '2019-01-08', '17.08', '2019-01-08', 16, 1, 28),
(25, 'NETFLIX OUTUBRO PARCELADO 02/04', '2019-01-08', '8.45', '2019-01-08', 80, 1, 35),
(26, 'OI FIXO DEZEMBRO', '2019-01-08', '167.14', '2019-01-08', 113, 7, 24),
(27, 'ABASTECIMENTO MOTO', '2019-01-09', '15.00', '2019-01-09', 91, 7, 13),
(28, 'S?CIO TORCEDOR JANEIRO', '2019-01-10', '25.00', '2019-01-10', 105, 7, 44),
(29, 'CR?DITO PESSOAL 17/2018 01/02', '2019-01-10', '511.17', '2019-01-10', 23, 7, 17),
(30, 'TARIFA EMISS?O DE TED', '2019-01-10', '10.00', '2019-01-10', 23, 7, 47),
(31, 'ABASTECIMENTO CARRO GLAUCIA', '2019-01-12', '15.00', '2019-01-12', 92, 9, 13),
(32, 'ALMO?O NAMORO GLAUCIA', '2019-01-14', '55.90', '2019-01-14', 70, 1, 1),
(33, 'LANCHE BRUNA', '2019-01-14', '47.00', '2019-01-14', 54, 1, 29),
(34, 'LANCHE GLAUCIA', '2019-01-14', '45.00', '2019-01-14', 108, 1, 29),
(35, 'NETFLIX', '2019-01-14', '37.90', '2019-01-14', 80, 1, 35),
(36, 'PROTE??O PERDA E ROUBO JANEIRO', '2019-01-14', '3.20', '2019-01-14', 106, 5, 43),
(37, 'VIVO JANEIRO', '2019-01-14', '63.47', '2019-01-14', 119, 7, 12),
(38, 'LANCHE ALMO?O', '2019-01-14', '10.00', '2019-01-14', 55, 7, 29),
(39, 'VIVO ROSA JANEIRO', '2019-01-14', '46.99', '2019-01-14', 119, 7, 12),
(40, 'LANCHE ALMO?O', '2019-01-15', '9.00', '2019-01-15', 55, 7, 29),
(41, 'TARIFA MANUTEN??O DE CONTA JANEIRO', '2019-01-15', '8.00', '2019-01-15', 106, 7, 47),
(42, 'JUROS CHEQUE ESPECIAL JANEIRO', '2019-01-16', '2.16', '2019-01-16', 16, 7, 28),
(43, 'BOLO NO POTE', '2019-01-18', '12.00', '2019-01-18', 60, 9, 29),
(44, 'SORVETE MORANGO', '2019-01-18', '3.00', '2019-01-18', 60, 9, 29),
(45, 'ENERGIA ELETRICA JANEIRO', '2019-01-21', '91.80', '2019-01-21', 33, 9, 11),
(46, 'DOA??O SAPATO FERNANDA', '2019-01-21', '40.00', '2019-01-21', 59, 9, 16),
(47, 'ABASTECIMENTO MOTO', '2019-01-22', '15.00', '2019-01-22', 91, 7, 13),
(48, 'LANCHE ALMO?O', '2019-01-22', '14.00', '2019-01-22', 55, 7, 29),
(49, 'ESPELHO GLAUCIA 02/04', '2019-01-25', '37.50', '2019-01-25', 110, 5, 39),
(50, 'PRESENTE CASAMENTO LUCIANA 05/05', '2019-01-25', '27.49', '2019-01-25', 30, 5, 39),
(51, 'SEGURO COMPRA PREMIADA DEZEMBRO', '2019-01-25', '4.27', '2019-01-25', 110, 5, 43),
(52, 'TABLET GLAUCIA 07/10', '2019-01-25', '57.29', '2019-01-25', 110, 5, 39),
(53, 'ANUIDADE DEZEMBRO 02/04', '2019-01-28', '1.75', '2019-01-28', 17, 5, 2),
(54, 'ANUIDADE JANEIRO 02/04', '2019-01-28', '1.75', '2019-01-28', 17, 5, 2),
(55, 'JUROS PARCELAMENTO 02/04', '2019-01-28', '6.48', '2019-01-28', 17, 5, 28),
(56, 'TARIFA EMISS?O DE TED', '2019-01-28', '7.80', '2019-01-28', 106, 7, 47),
(57, 'JUROS CHEQUE ESPECIAL JANEIRO', '2019-01-30', '4.71', '2019-01-30', 106, 7, 28),
(58, 'TARIFA MANUTEN??O DE CONTA FEVEREIRO', '2019-02-01', '16.00', '2019-02-01', 15, 7, 47),
(59, 'CHEQUE GELADEIRA 06/06', '2019-02-01', '126.34', '2019-02-01', 48, 6, 11),
(60, 'IOF FEVEREIRO', '2019-02-01', '0.13', '2019-02-01', 16, 7, 25),
(61, 'POMADA PROPIOSOL', '2019-02-02', '14.90', '2019-02-02', 46, 9, 42),
(62, 'CORTE CABELO FEVEREIRO', '2019-02-02', '20.00', '2019-02-02', 37, 9, 3),
(63, 'ABASTECIMENTO CARRO GLAUCIA', '2019-02-02', '15.00', '2019-02-02', 92, 9, 13),
(64, 'ABASTECIMENTO MOTO', '2019-02-04', '15.00', '2019-02-04', 91, 7, 13),
(65, 'INTEGRALIZA??O CAPITAL FEVEREIRO', '2019-02-04', '10.00', '2019-02-04', 106, 7, 5),
(66, 'IOF CHEQUE ESPECIAL FEVEREIRO', '2019-02-04', '1.11', '2019-02-04', 106, 7, 25),
(67, 'INSS FEVEREIRO', '2019-02-05', '236.83', '2019-02-05', 68, 10, 23),
(68, 'CONSIGNADO FEVEREIRO', '2019-02-05', '335.01', '2019-02-05', 106, 10, 17),
(69, 'IRRF FEVEREIRO', '2019-02-05', '36.80', '2019-02-05', 94, 10, 26),
(70, 'SEGURO VIDA FEVEREIRO', '2019-02-05', '31.19', '2019-02-05', 106, 7, 42),
(71, 'MENSALIDADE SKY FEVEREIRO', '2019-02-05', '100.00', '2019-02-05', 5, 11, 49),
(72, 'ANUIDADE 05/06', '2019-02-05', '42.00', '2019-02-05', 14, 5, 2),
(73, 'AVAST SOFTWARE 03/03', '2019-02-05', '16.33', '2019-02-05', 8, 5, 45),
(74, 'CAMISA S?O PAULO 04/04', '2019-02-05', '44.99', '2019-02-05', 81, 5, 50),
(75, 'COMPRA OCULOS 04/12', '2019-02-05', '11.10', '2019-02-05', 77, 5, 50),
(76, 'ENCARGOS FINANCEIROS ROTATIVO', '2019-02-05', '30.29', '2019-02-05', 14, 4, 18),
(77, 'ENCARGOS FINANCERIOS 05/2017', '2019-02-05', '7.87', '2019-02-05', 14, 4, 18),
(78, 'ENCARGOS FINANCERIOS 08/2015', '2019-02-05', '0.11', '2019-02-05', 14, 4, 18),
(79, 'IOF ADICIONAL ROTATIVO JANEIRO', '2019-02-05', '1.44', '2019-02-05', 14, 4, 25),
(80, 'IOF DIARIO ROTATIVO JANEIRO', '2019-02-05', '0.19', '2019-02-05', 14, 4, 25),
(81, 'JUROS DE MORA JANEIRO', '2019-02-05', '3.06', '2019-02-05', 14, 4, 28),
(82, 'JUROS MORA 05/2017', '2019-02-05', '0.83', '2019-02-05', 14, 4, 28),
(83, 'JUROS MORA 08/2015', '2019-02-05', '0.01', '2019-02-05', 14, 4, 28),
(84, 'MULTA POR ATRASO JANEIRO', '2019-02-05', '7.45', '2019-02-05', 14, 3, 34),
(85, 'PARCELAMENTO 20/23', '2019-02-05', '81.28', '2019-02-05', 14, 4, 37),
(86, 'PELICULA REL?GIO 03/03', '2019-02-05', '10.59', '2019-02-05', 77, 4, 12),
(87, 'PROTE??O OURO JANEIRO', '2019-02-05', '3.00', '2019-02-05', 14, 4, 43),
(88, 'SPOTIFY DEZEMBRO', '2019-02-05', '16.90', '2019-02-05', 109, 4, 46),
(89, 'PARCELAMENTO 19/23', '2019-02-05', '81.28', '2019-02-05', 14, 4, 37),
(90, 'AVAST SOFTWARE 02/03', '2019-02-05', '16.33', '2019-02-05', 8, 4, 45),
(91, 'COMPRA OCULOS 03/12', '2019-02-05', '11.10', '2019-02-05', 77, 4, 50),
(92, 'AVAST SOFTWARE 01/01', '2019-02-05', '15.99', '2019-02-05', 8, 4, 45),
(93, 'CAMISA S?O PAULO 03/04', '2019-02-05', '44.99', '2019-02-05', 81, 4, 50),
(94, 'PELICULA REL?GIO 02/03', '2019-02-05', '10.59', '2019-02-05', 77, 4, 12),
(95, 'COMPRA OCULOS 03/03', '2019-02-05', '33.33', '2019-02-05', 77, 4, 12),
(96, 'IOF DEZEMBRO', '2019-02-05', '1.34', '2019-02-05', 14, 4, 25),
(97, 'MULTA POR ATRASO', '2019-02-05', '6.27', '2019-02-05', 14, 3, 34),
(98, 'JUROS NOVEMBRO', '2019-02-05', '0.41', '2019-02-05', 14, 4, 28),
(99, 'ENCARGOS FINANEIROS', '2019-02-05', '4.16', '2019-02-05', 14, 4, 18),
(100, 'ANUIDADE 04/06', '2019-02-05', '42.00', '2019-02-05', 14, 4, 2),
(101, 'PROTE??O OURO DEZEMBRO', '2019-02-05', '3.00', '2019-02-05', 14, 4, 43),
(102, 'GOOGLE PLAY COMO TREINAR SEU DRAG?O', '2019-02-05', '9.99', '2019-02-05', 65, 4, 27),
(103, 'TENIS SKALA PARCELA 03/05', '2019-02-05', '129.00', '2019-02-05', 107, 9, 4),
(104, 'RIFA LORRAN', '2019-02-05', '30.00', '2019-02-05', 19, 9, 41),
(105, 'TARIFA EMISS?O DE TED', '2019-02-05', '10.20', '2019-02-05', 16, 7, 47),
(106, 'OI FIXO JANEIRO', '2019-02-06', '172.35', '2019-02-06', 113, 7, 24),
(107, 'RA??O ANIMAIS FEVEREIRO', '2019-02-06', '100.00', '2019-02-06', 120, 9, 16),
(108, 'TARIFA MANUTEN??O DE CONTA FEVEREIRO', '2019-02-07', '34.00', '2019-02-07', 23, 7, 47),
(109, 'S?CIO TORCEDOR FEVEREIRO', '2019-02-11', '25.00', '2019-02-11', 105, 7, 44),
(110, 'CR?DITO PESSOAL 17/2018 02/02', '2019-02-11', '511.17', '2019-02-11', 23, 7, 17),
(111, 'BONECA KETLIN 01/03', '2019-02-11', '46.63', '2019-02-11', 12, 4, 39),
(112, 'LANCHE AMIGOS', '2019-02-11', '29.85', '2019-02-11', 93, 4, 29),
(113, 'LANCHE GLAUCIA', '2019-02-11', '33.00', '2019-02-11', 54, 4, 29),
(114, 'LANCHE GLAUCIA', '2019-02-11', '54.00', '2019-02-11', 43, 4, 29),
(115, 'NETFLIX JANEIRO', '2019-02-11', '37.90', '2019-02-11', 80, 4, 35),
(116, 'PRESENTE GLAUCIA 01/03', '2019-02-11', '41.06', '2019-02-11', 77, 4, 39),
(117, 'PROTE??O PERDA E ROUBO FEVEREIRO', '2019-02-11', '3.20', '2019-02-11', 106, 4, 43),
(118, 'SEGURO RESID?NCIAL FEVEREIRO', '2019-02-11', '14.91', '2019-02-11', 30, 4, 11),
(119, 'SPOTIFY FEVEREIRO', '2019-02-11', '16.90', '2019-02-11', 109, 4, 46),
(120, 'ABASTECIMENTO MOTO', '2019-02-11', '15.00', '2019-02-11', 91, 7, 13),
(121, 'TARIFA EMISS?O DE TED', '2019-02-11', '7.80', '2019-02-11', 106, 7, 47),
(122, 'LANCHE ALMO?O', '2019-02-12', '12.00', '2019-02-12', 55, 7, 29),
(123, 'ANUIDADE FEVEREIRO', '2019-02-12', '14.00', '2019-02-12', 16, 1, 2),
(124, 'GOOGLE PLAY COMO TREINAR SEU DRAG?O', '2019-02-12', '9.99', '2019-02-12', 65, 4, 27),
(125, 'GOOGLE PLAY COMO TREINAR SEU DRAG?O', '2019-02-12', '9.99', '2019-02-12', 65, 4, 27),
(126, 'ANUIDADE PARCELADO 03/04', '2019-02-12', '3.12', '2019-02-12', 16, 4, 2),
(127, 'CAMISA REDSOX 01/10 PARCELADO 03/04', '2019-02-12', '3.88', '2019-02-12', 77, 4, 50),
(128, 'CAMISA REDSOX 04/10', '2019-02-12', '18.08', '2019-02-12', 77, 4, 50),
(129, 'CAMISA S?O PAULO 2018 03/04 PARCELADO 03/04', '2019-02-12', '10.03', '2019-02-12', 81, 4, 50),
(130, 'COLCH?O INFLAVEL PARCELADO 03/04', '2019-02-12', '19.40', '2019-02-12', 48, 4, 30),
(131, 'JUROS PARCELAMENTO 03/04', '2019-02-12', '17.08', '2019-02-12', 16, 4, 28),
(132, 'NETFLIX OUTUBRO PARCELADO 03/04', '2019-02-12', '8.45', '2019-02-12', 80, 4, 35),
(133, 'VIVO FEVEREIRO', '2019-02-13', '66.32', '2019-02-13', 119, 7, 12),
(134, 'VIVO ROSA FEVEREIRO', '2019-02-13', '47.99', '2019-02-13', 119, 7, 12),
(135, 'MOTO TAXI CASA/RODOVI?RIA', '2019-02-13', '10.00', '2019-02-13', 79, 9, 48),
(136, 'AGUA MINERAL', '2019-02-13', '2.00', '2019-02-13', 115, 9, 42),
(137, 'LANCHE VIAGEM BG', '2019-02-14', '33.00', '2019-02-14', 21, 7, 29),
(138, 'TAXI RODOVI?RIA CECREMGE', '2019-02-14', '20.00', '2019-02-14', 111, 9, 48),
(139, 'TAXI SHOPPING PATIO SAVASSI/RODOVI?RIA', '2019-02-14', '20.00', '2019-02-14', 111, 9, 48),
(140, 'BANHEIROS RODOVI?RIA BELO HORIZONTE', '2019-02-14', '4.10', '2019-02-14', 114, 9, 21),
(141, 'MOTO TAXI RODOVI?RIA/CASA', '2019-02-15', '10.00', '2019-02-15', 79, 9, 48),
(142, 'MOTO TAXI AZ MOTOS/CASA', '2019-02-15', '6.00', '2019-02-15', 79, 9, 48),
(143, 'CAMISA ACELERA', '2019-02-15', '30.00', '2019-02-15', 106, 9, 50),
(144, 'TARIFA EMISS?O DE TED', '2019-02-15', '7.80', '2019-02-15', 106, 7, 47),
(145, 'TARIFA MANUTEN??O DE CONTA FEVEREIRO', '2019-02-15', '8.00', '2019-02-15', 106, 7, 47),
(146, 'LANCHE AMIGOS', '2019-02-16', '26.00', '2019-02-16', 51, 9, 29),
(147, 'LANCHE ALMO?O', '2019-02-18', '12.00', '2019-02-18', 55, 7, 29),
(148, 'JUROS CHEQUE ESPECIAL FEVEREIRO', '2019-02-18', '2.37', '2019-02-18', 16, 7, 28),
(149, 'ENERGIA ELETRICA FEVEREIRO', '2019-02-19', '104.19', '2019-02-19', 33, 9, 11),
(150, 'SANEAMENTO FEVEREIRO', '2019-02-19', '42.34', '2019-02-19', 100, 9, 11),
(151, 'ABASTECIMENTO MOTO', '2019-02-25', '15.00', '2019-02-25', 91, 7, 13),
(152, 'ALMO?O CARNAVAL', '2019-02-27', '5.00', '2019-02-27', 10, 9, 1),
(153, 'BOLO ANIVERS?RIO ALYNE', '2019-02-27', '12.50', '2019-02-27', 41, 9, 39),
(154, 'ANUIDADE DEZEMBRO 02/04', '2019-02-27', '1.75', '2019-02-27', 17, 4, 2),
(155, 'ANUIDADE JANEIRO 02/04', '2019-02-27', '1.75', '2019-02-27', 17, 4, 2),
(156, 'JUROS PARCELAMENTO 02/04', '2019-02-27', '6.48', '2019-02-27', 17, 4, 28),
(157, 'ANUIDADE FEVEREIRO', '2019-02-27', '29.90', '2019-02-27', 17, 4, 2),
(158, 'JUROS REMUNERAT?RIO', '2019-02-27', '1.89', '2019-02-27', 17, 4, 28),
(159, 'IOF FEVEREIRO', '2019-02-27', '0.66', '2019-02-27', 17, 4, 25),
(160, 'JUROS DE MORA FEVEREIRO', '2019-02-27', '0.16', '2019-02-27', 17, 4, 28),
(161, 'MULTA POR ATRASO JANEIRO', '2019-02-27', '3.26', '2019-02-27', 17, 3, 34),
(162, 'ESPELHO GLAUCIA 03/04', '2019-02-27', '37.50', '2019-02-27', 110, 4, 39),
(163, 'TABLET GLAUCIA 08/10', '2019-02-27', '57.29', '2019-02-27', 30, 4, 39),
(164, 'SEGURO COMPRA PREMIADA FEVEREIRO', '2019-02-27', '3.31', '2019-02-27', 110, 4, 43),
(165, 'COMPRA OCULOS 05/12', '2019-02-27', '11.10', '2019-02-27', 77, 4, 50),
(166, 'PARCELAMENTO 21/23', '2019-02-27', '81.28', '2019-02-27', 14, 4, 37),
(167, 'IOF ADICIONAL ROTATIVO FEVEREIRO', '2019-02-27', '1.30', '2019-02-27', 14, 4, 25),
(168, 'IOF DIARIO ROTATIVO FEVEREIRO', '2019-02-27', '1.16', '2019-02-27', 14, 4, 25),
(169, 'JUROS DE MORA FEVEREIRO', '2019-02-27', '2.01', '2019-02-27', 14, 4, 28),
(170, 'ENCARGOS FINANCEIROS ROTATIVO', '2019-02-27', '19.87', '2019-02-27', 14, 4, 18),
(171, 'MULTA POR ATRASO FEVEREIRO', '2019-02-27', '6.69', '2019-02-27', 14, 3, 34),
(172, 'ENCARGOS FINANCERIOS 05/2017', '2019-02-27', '0.05', '2019-02-27', 14, 4, 18),
(173, 'ENCARGOS FINANCERIOS 08/2015', '2019-02-27', '5.88', '2019-02-27', 14, 4, 18),
(174, 'JUROS MORA 05/2017', '2019-02-27', '0.62', '2019-02-27', 14, 4, 28),
(175, 'JUROS CHEQUE ESPECIAL FEVEREIRO', '2019-02-28', '5.05', '2019-02-28', 106, 7, 28),
(176, 'IOF CHEQUE ESPECIAL MAR?O', '2019-03-01', '1.84', '2019-03-01', 106, 7, 25),
(177, 'INSS FEVEREIRO', '2019-03-01', '193.57', '2019-03-01', 68, 10, 23),
(178, 'CONSIGNADO MAR?O', '2019-03-01', '335.01', '2019-03-01', 106, 10, 17),
(179, 'IOF MAR?O', '2019-03-01', '0.14', '2019-03-01', 16, 7, 25),
(180, 'CR?DITO PESSOAL 01/2019 01/01', '2019-03-06', '863.00', '2019-03-06', 23, 7, 17),
(181, 'CR?DITO PESSOAL 01/2019 01/01', '2019-03-06', '163.62', '2019-03-06', 23, 7, 28),
(182, 'SEGURO VIDA MAR?O', '2019-03-06', '31.19', '2019-03-06', 106, 7, 42),
(183, 'ABASTECIMENTO CARRO GLAUCIA', '2019-03-06', '15.00', '2019-03-06', 92, 9, 13),
(184, 'INTEGRALIZA??O CAPITAL MAR?O', '2019-03-06', '10.00', '2019-03-06', 106, 7, 5),
(185, 'TARIFA EMISS?O DE TED', '2019-03-06', '7.80', '2019-03-06', 106, 7, 47),
(186, 'INSCRI??O CONCURSO SAAE', '2019-03-07', '45.00', '2019-03-07', 35, 9, 15),
(187, 'PRESTA??O DE CONSTAS VIAGEM', '2019-03-07', '78.00', '2019-03-07', 106, 7, 40),
(188, 'TARIFA MANUTEN??O DE CONTA MAR?O', '2019-03-07', '16.00', '2019-03-07', 15, 7, 47),
(189, 'TARIFA EMISS?O DE TED', '2019-03-07', '10.00', '2019-03-07', 23, 7, 47),
(190, 'OI FIXO FEVEREIRO', '2019-03-07', '167.15', '2019-03-07', 113, 7, 24),
(191, 'TELHADO CASA', '2019-03-08', '250.00', '2019-03-08', 27, 9, 11),
(192, 'ABASTECIMENTO MOTO', '2019-03-08', '15.00', '2019-03-08', 91, 7, 13),
(193, 'TARIFA EMISS?O DE TED', '2019-03-08', '7.80', '2019-03-08', 106, 7, 47),
(194, 'CORTE CABELO MAR?O', '2019-03-09', '20.00', '2019-03-09', 37, 9, 3),
(195, 'LANCHE ROSA', '2019-03-11', '24.00', '2019-03-11', 54, 7, 29),
(196, 'S?CIO TORCEDOR MAR?O', '2019-03-11', '25.00', '2019-03-11', 105, 7, 44),
(197, 'TARIFA MANUTEN??O DE CONTA MAR?O', '2019-03-11', '34.00', '2019-03-11', 23, 7, 47),
(198, 'PASSAGENS PIRAPORA-BH/BH PIRAPORA 01/02', '2019-03-11', '96.07', '2019-03-11', 64, 7, 48),
(199, 'LANCHE GLAUCIA', '2019-03-11', '33.00', '2019-03-11', 54, 4, 29),
(200, '02 BOTIJ?O DE G?S', '2019-03-11', '170.00', '2019-03-11', 42, 4, 11),
(201, 'SMART TV AOC 01/10', '2019-03-11', '189.30', '2019-03-11', 49, 4, 11),
(202, 'ESTANTE TV LARA 01/10', '2019-03-11', '49.34', '2019-03-11', 49, 4, 11),
(203, 'BONECA KETLIN 02/03', '2019-03-11', '46.63', '2019-03-11', 12, 4, 39),
(205, 'PRESENTE GLAUCIA 02/03', '2019-03-11', '41.06', '2019-03-11', 77, 4, 39),
(206, 'PROTE??O PERDA E ROUBO MAR?O', '2019-03-11', '3.20', '2019-03-11', 106, 4, 43),
(207, 'SEGURO RESID?NCIAL MAR?O', '2019-03-11', '14.91', '2019-03-11', 30, 4, 11),
(208, 'SPOTIFY MAR?O', '2019-03-11', '16.90', '2019-03-11', 109, 4, 46),
(209, 'MENSALIDADE SKY MAR?O', '2019-03-12', '100.00', '2019-03-12', 5, 7, 49),
(210, 'ROUPAS 01/03', '2019-03-12', '51.34', '2019-03-12', 32, 11, 50),
(211, 'TARIFA EMISS?O DE TED', '2019-03-13', '10.00', '2019-03-13', 23, 7, 47),
(212, 'ANUIDADE MAR?O', '2019-03-13', '14.00', '2019-03-13', 16, 1, 2),
(213, 'INGRESSO CINEMA', '2019-03-13', '43.50', '2019-03-13', 34, 4, 30),
(214, 'GOOGLE PLAY COMO TREINAR SEU DRAG?O MAR?O', '2019-03-13', '31.99', '2019-03-13', 65, 4, 27),
(215, 'ANUIDADE PARCELADO 04/04', '2019-03-13', '3.12', '2019-03-13', 16, 4, 2),
(216, 'CAMISA REDSOX 01/10 PARCELADO 04/04', '2019-03-13', '3.88', '2019-03-13', 77, 4, 50),
(217, 'CAMISA REDSOX 05/10', '2019-03-13', '18.08', '2019-03-13', 77, 4, 50),
(218, 'CAMISA S?O PAULO 2018 03/04 PARCELADO 04/04', '2019-03-13', '10.03', '2019-03-13', 81, 4, 50),
(219, 'COLCH?O INFLAVEL PARCELADO 04/04', '2019-03-13', '19.40', '2019-03-13', 48, 4, 30),
(220, 'JUROS PARCELAMENTO 04/04', '2019-03-13', '17.08', '2019-03-13', 16, 4, 28),
(221, 'NETFLIX OUTUBRO PARCELADO 04/04', '2019-03-13', '8.45', '2019-03-13', 80, 4, 35),
(222, 'JUROS ATRASO', '2019-03-13', '1.59', '2019-03-13', 16, 4, 28),
(223, 'MULTA ATRASO', '2019-03-13', '2.28', '2019-03-13', 16, 3, 34),
(224, 'JUROS DE MORA ATRASO', '2019-03-13', '0.14', '2019-03-13', 16, 4, 28),
(225, 'ENCARGOS ATRASO', '2019-03-13', '0.31', '2019-03-13', 16, 4, 18),
(226, 'VIVO MAR?O', '2019-03-13', '66.35', '2019-03-13', 119, 7, 12),
(227, 'SUPORTE CORTINA', '2019-03-13', '28.10', '2019-03-13', 83, 7, 11),
(228, 'VIVO ROSA MAR?O', '2019-03-13', '47.98', '2019-03-13', 119, 7, 12),
(229, 'REQUEIJ?O', '2019-03-13', '70.00', '2019-03-13', 76, 9, 1),
(230, 'LEN?OU SOLTEIRO 01/02', '2019-03-13', '45.00', '2019-03-13', 10, 9, 11),
(231, 'ABASTECIMENTO MOTO', '2019-03-15', '15.00', '2019-03-15', 91, 7, 13),
(232, 'TARIFA MANUTEN??O DE CONTA MAR?O', '2019-03-15', '8.00', '2019-03-15', 106, 7, 47),
(233, 'ENERGIA ELETRICA FEVEREIRO', '2019-03-18', '118.52', '2019-03-18', 33, 7, 11),
(234, 'JUROS CHEQUE ESPECIAL MAR?O', '2019-03-18', '1.05', '2019-03-18', 16, 7, 28),
(235, 'ABASTECIMENTO MOTO', '2019-03-25', '15.00', '2019-03-25', 91, 7, 13),
(236, 'LANCHE ALMO?O', '2019-03-27', '20.00', '2019-03-27', 55, 7, 29),
(237, 'TARIFA EMISS?O DE TED', '2019-03-29', '7.80', '2019-03-29', 106, 7, 47),
(238, 'JUROS CHEQUE ESPECIAL MAR?O', '2019-03-29', '1.33', '2019-03-29', 106, 7, 28),
(239, 'IOF CHEQUE ESPECIAL ABRIL', '2019-04-01', '0.71', '2019-04-01', 106, 7, 25),
(240, 'ALMO?O SAMUEL SANTANA', '2019-04-02', '32.08', '2019-04-02', 96, 7, 1),
(241, 'TARIFA MANUTEN??O DE CONTA ABRIL', '2019-04-03', '16.00', '2019-04-03', 15, 7, 47),
(242, 'LANCHE ALMO?O', '2019-04-03', '11.50', '2019-04-03', 55, 7, 29),
(243, 'INTEGRALIZA??O CAPITAL ABRIL', '2019-04-03', '10.00', '2019-04-03', 106, 7, 5),
(244, 'ABASTECIMENTO MOTO', '2019-04-04', '15.00', '2019-04-04', 91, 7, 13),
(245, 'SEGURO VIDA ABRIL', '2019-04-05', '31.19', '2019-04-05', 106, 7, 42),
(246, 'TAXA EXCLUS?O CCF', '2019-04-05', '6.82', '2019-04-05', 15, 7, 47),
(247, 'TARIFA EXTRATO', '2019-04-05', '3.00', '2019-04-05', 15, 7, 47),
(248, 'TARIFA EXCLUS?O CCF', '2019-04-05', '53.00', '2019-04-05', 15, 7, 47),
(249, 'TARIFA MANUTEN??O DE CONTA ABRIL', '2019-04-05', '1.17', '2019-04-05', 23, 7, 47),
(250, 'CR?DITO PESSOAL 02/2019 01/01', '2019-04-05', '462.05', '2019-04-05', 23, 7, 17),
(251, 'CR?DITO PESSOAL 02/2019 01/01', '2019-04-05', '90.71', '2019-04-05', 23, 7, 28),
(252, 'LANCHE ALMO?O', '2019-04-05', '18.80', '2019-04-05', 55, 7, 29),
(253, 'OI FIXO MAR?O', '2019-04-05', '162.21', '2019-04-05', 113, 7, 24),
(254, 'ANUIDADE DEZEMBRO 03/04', '2019-04-05', '1.75', '2019-04-05', 17, 4, 2),
(255, 'ANUIDADE FEVEREIRO', '2019-04-05', '6.99', '2019-04-05', 17, 4, 2),
(256, 'ANUIDADE JANEIRO 04/04', '2019-04-05', '1.75', '2019-04-05', 17, 4, 2),
(257, 'ANUIDADE MAR?O', '2019-04-05', '29.90', '2019-04-05', 17, 4, 2),
(258, 'CABO IPAD 01/04', '2019-04-05', '37.25', '2019-04-05', 6, 4, 22),
(259, 'IOF', '2019-04-05', '0.32', '2019-04-05', 17, 4, 25),
(260, 'JUROS DE MORA', '2019-04-05', '0.05', '2019-04-05', 17, 4, 28),
(261, 'JUROS PARCELAMENTO 03/04', '2019-04-05', '6.48', '2019-04-05', 17, 4, 28),
(262, 'JUROS REMUNERAT?RIO', '2019-04-05', '0.87', '2019-04-05', 17, 4, 28),
(263, 'MULTA POR ATRASO', '2019-04-05', '1.66', '2019-04-05', 17, 3, 34),
(264, 'ESPELHO GLAUCIA 04/04', '2019-04-05', '32.00', '2019-04-05', 110, 4, 39),
(265, 'TARIFA EMISS?O DE TED', '2019-04-05', '7.80', '2019-04-05', 106, 7, 47),
(266, 'TARIFA EMISS?O DE TED', '2019-04-05', '7.80', '2019-04-05', 106, 7, 47),
(267, 'IRRF ABRIL', '2019-04-05', '22.76', '2019-04-05', 94, 10, 26),
(268, 'INSS ABRIL', '2019-04-05', '218.32', '2019-04-05', 68, 10, 23),
(269, 'CONSIGNADO ABRIL', '2019-04-05', '335.01', '2019-04-05', 106, 10, 17),
(270, 'ANUIDADE ABRIL', '2019-04-08', '14.00', '2019-04-08', 16, 1, 2),
(271, 'CAMISA REDSOX 06/10', '2019-04-08', '18.08', '2019-04-08', 77, 4, 50),
(272, 'GOOGLE PLAY COMO TREINAR SEU DRAG?O ABRIL', '2019-04-08', '31.99', '2019-04-08', 65, 4, 27),
(273, 'GOOGLE PLAY COMO TREINAR SEU DRAG?O ABRIL', '2019-04-08', '3.59', '2019-04-08', 65, 4, 27),
(274, 'ENCARGOS DE ATRASO ABRIL', '2019-04-08', '0.58', '2019-04-08', 16, 4, 18),
(275, 'JUROS ROTATIVO ABRIL', '2019-04-08', '2.96', '2019-04-08', 16, 4, 28),
(276, 'JUROS DE MORA ABRIL', '2019-04-08', '0.27', '2019-04-08', 16, 4, 28),
(277, 'MULTA POR ATRASO ABRIL', '2019-04-08', '3.43', '2019-04-08', 16, 3, 34),
(278, 'IOF', '2019-04-08', '0.45', '2019-04-08', 16, 4, 25),
(279, 'MENSALIDADE SKY ABRIL', '2019-04-09', '100.00', '2019-04-09', 5, 11, 49),
(280, 'ROUPAS 02/03', '2019-04-09', '51.34', '2019-04-09', 32, 11, 50),
(281, 'LIQUIDA??O EMPRESTIMO CONSIGNADO SICOOB', '2019-04-11', '4865.63', '2019-04-11', 106, 7, 17),
(282, 'CART?O SICOOB', '2019-04-11', '903.88', '2019-04-11', 106, 4, 9),
(283, 'VIVO ABRIL', '2019-04-11', '66.35', '2019-04-11', 119, 7, 12),
(284, 'VIVO ROSA ABRIL', '2019-04-11', '47.98', '2019-04-11', 119, 7, 12),
(285, 'ABASTECIMENTO MOTO', '2019-04-11', '15.00', '2019-04-11', 91, 7, 13),
(286, 'OI FIXO ABRIL', '2019-04-11', '172.98', '2019-04-11', 113, 7, 24),
(287, 'SEGURO CONSIGNADO', '2019-04-11', '227.74', '2019-04-11', 106, 9, 43),
(288, 'IOF CONSIGNADO', '2019-04-11', '102.85', '2019-04-11', 106, 9, 25),
(289, 'TARIFA EMISS?O DE TED', '2019-04-11', '7.80', '2019-04-11', 106, 7, 47),
(290, 'LEN?OU SOLTEIRO 02/02', '2019-04-12', '44.00', '2019-04-12', 10, 9, 11),
(291, 'TENIS SKALA PARCELA 04/05', '2019-04-12', '134.00', '2019-04-12', 107, 9, 4),
(292, 'TENIS SKALA PARCELA 05/05', '2019-04-12', '129.00', '2019-04-12', 107, 9, 4),
(293, 'CORTE CABELO ABRIL', '2019-04-13', '20.00', '2019-04-13', 37, 9, 3),
(294, 'MOTEL GLAUCIA', '2019-04-13', '45.00', '2019-04-13', 57, 9, 30),
(295, 'FUTEBOL SOCIETY', '2019-04-13', '20.00', '2019-04-13', 89, 9, 30),
(296, 'ABASTECIMENTO CARRO GLAUCIA', '2019-04-13', '15.00', '2019-04-13', 92, 9, 13),
(297, 'CAMISINHAS', '2019-04-13', '7.50', '2019-04-13', 46, 9, 42),
(298, 'LANCHE SICOOB SERT?O MINAS', '2019-04-15', '27.54', '2019-04-15', 36, 9, 29),
(299, 'TARIFA MANUTEN??O DE CONTA ABRIL', '2019-04-15', '8.00', '2019-04-15', 106, 7, 47),
(300, 'TARIFA EMISS?O DE TED', '2019-04-16', '7.80', '2019-04-16', 106, 7, 47),
(301, 'JUROS CHEQUE ESPECIAL ABRIL', '2019-04-17', '8.10', '2019-04-17', 16, 7, 28),
(302, 'SEGURO CHEQUE ESPECIAL ABRIL', '2019-04-18', '2.00', '2019-04-18', 16, 7, 43),
(303, 'LANCHE AMIGOS', '2019-04-18', '16.50', '2019-04-18', 95, 7, 29),
(304, 'TARIFA MANUTEN??O DE CONTA ABRIL', '2019-04-22', '32.83', '2019-04-22', 23, 7, 47),
(305, 'ABASTECIMENTO MOTO', '2019-04-22', '15.00', '2019-04-22', 91, 7, 13),
(306, 'LANCHE ALMO?O', '2019-04-23', '14.00', '2019-04-23', 55, 7, 29),
(307, 'TARIFA EMISS?O DE TED', '2019-04-25', '7.80', '2019-04-25', 106, 7, 47),
(308, 'ABASTECIMENTO MOTO', '2019-04-29', '15.00', '2019-04-29', 91, 7, 13),
(309, 'POMADA PROPIOSOL', '2019-04-29', '29.80', '2019-04-29', 46, 7, 42),
(310, 'JUROS CHEQUE ESPECIAL ABRIL', '2019-04-30', '0.57', '2019-04-30', 106, 7, 28),
(311, 'TARIFA MANUTEN??O DE CONTA MAIO', '2019-05-02', '16.00', '2019-05-02', 15, 7, 47),
(312, 'IOF MAIO', '2019-05-02', '3.73', '2019-05-02', 16, 7, 25),
(313, 'REVIS?O MOTO 02/02', '2019-05-02', '111.00', '2019-05-02', 11, 4, 33),
(314, 'SEGURO COMPRA PREMIADA ABRIL', '2019-05-02', '9.88', '2019-05-02', 110, 4, 43),
(315, 'JUROS DE MORA', '2019-05-02', '0.09', '2019-05-02', 13, 4, 28),
(316, 'MULTA ATRASO', '2019-05-02', '4.32', '2019-05-02', 13, 3, 34),
(317, 'JUROS PARCELAMENTO', '2019-05-02', '16.53', '2019-05-02', 13, 4, 28),
(318, 'ANUIDADE DEZEMBRO 04/04', '2019-05-02', '1.75', '2019-05-02', 17, 4, 2),
(319, 'ANUIDADE JANEIRO 04/04', '2019-05-02', '1.75', '2019-05-02', 17, 4, 2),
(320, 'CABO IPAD 02/04', '2019-05-02', '37.25', '2019-05-02', 6, 4, 22),
(321, 'JUROS PARCELAMENTO 04/04', '2019-05-02', '6.47', '2019-05-02', 17, 4, 28),
(322, 'ANUIDADE ABRIL', '2019-05-02', '29.90', '2019-05-02', 17, 4, 2),
(323, 'ANUIDADE MAR?O', '2019-05-02', '6.99', '2019-05-02', 17, 4, 2),
(324, 'IOF', '2019-05-02', '0.58', '2019-05-02', 17, 4, 25),
(325, 'JUROS DE MORA', '2019-05-02', '0.45', '2019-05-02', 17, 4, 28),
(326, 'JUROS REMUNERAT?RIO', '2019-05-02', '5.91', '2019-05-02', 17, 4, 28),
(327, 'MULTA POR ATRASO', '2019-05-02', '2.48', '2019-05-02', 17, 3, 34),
(328, 'IOF CHEQUE ESPECIAL MAIO', '2019-05-02', '0.75', '2019-05-02', 106, 7, 25),
(329, 'TARIFA EMISS?O DE TED', '2019-05-03', '21.00', '2019-05-03', 16, 7, 47),
(330, 'CR?DITO PESSOAL 03/2019 01/02', '2019-05-03', '666.96', '2019-05-03', 23, 7, 17),
(331, 'CR?DITO PESSOAL 03/2019 01/02', '2019-05-03', '163.06', '2019-05-03', 23, 7, 28),
(332, 'INSS MAIO', '2019-05-03', '209.36', '2019-05-03', 68, 10, 23),
(333, 'IRRF MAIO', '2019-05-03', '15.97', '2019-05-03', 94, 10, 26),
(334, 'CONSIGNADO MAIO 01/24', '2019-05-03', '426.40', '2019-05-03', 106, 10, 17),
(335, 'COMPRA OCULOS 06/12', '2019-05-03', '11.10', '2019-05-03', 77, 4, 50),
(336, 'PARCELAMENTO 22/23', '2019-05-03', '81.28', '2019-05-03', 14, 4, 37),
(337, 'JUROS DE MORA MAR?O', '2019-05-03', '0.08', '2019-05-03', 14, 4, 28),
(338, 'ENCARGOS FINANCEIROS ROTATIVO', '2019-05-03', '0.80', '2019-05-03', 14, 4, 18),
(339, 'JUROS MORA 05/2017', '2019-05-03', '0.05', '2019-05-03', 14, 4, 28),
(340, 'ENCARGOS FINANCERIOS 05/2017', '2019-05-03', '0.54', '2019-05-03', 14, 4, 18),
(341, 'IOF ADICIONAL ROTATIVO MAR?O', '2019-05-03', '0.80', '2019-05-03', 14, 4, 25),
(342, 'IOF DIARIO ROTATIVO MAR?O', '2019-05-03', '0.27', '2019-05-03', 14, 4, 25),
(343, 'MULTA POR ATRASO MAR?O', '2019-05-03', '4.09', '2019-05-03', 14, 3, 34),
(344, 'COMPRA OCULOS 07/12', '2019-05-03', '11.10', '2019-05-03', 77, 4, 50),
(345, 'PARCELAMENTO 23/23', '2019-05-03', '81.28', '2019-05-03', 14, 4, 37),
(346, 'JUROS DE MORA ABRIL', '2019-05-03', '1.01', '2019-05-03', 14, 4, 28),
(347, 'ENCARGOS FINANCEIROS ROTATIVO', '2019-05-03', '10.05', '2019-05-03', 14, 4, 18),
(348, 'JUROS MORA 05/2017', '2019-05-03', '0.84', '2019-05-03', 14, 4, 28),
(349, 'ENCARGOS FINANCERIOS 05/2017', '2019-05-03', '7.92', '2019-05-03', 14, 4, 18),
(350, 'IOF ADICIONAL ROTATIVO ABRIL', '2019-05-03', '0.10', '2019-05-03', 14, 4, 25),
(351, 'IOF DIARIO ROTATIVO ABRIL', '2019-05-03', '0.69', '2019-05-03', 14, 4, 25),
(352, 'MULTA POR ATRASO ABRIL', '2019-05-03', '3.52', '2019-05-03', 14, 3, 34),
(353, 'INTEGRALIZA??O CAPITAL MAIO', '2019-05-03', '10.00', '2019-05-03', 106, 7, 5),
(354, 'TARIFA EMISS?O DE TED', '2019-05-03', '7.80', '2019-05-03', 106, 7, 47),
(355, 'ABASTECIMENTO CARRO GLAUCIA', '2019-05-04', '15.00', '2019-05-04', 92, 9, 13),
(356, 'SEGURO VIDA MAIO', '2019-05-06', '31.19', '2019-05-06', 106, 7, 42),
(357, 'MENSALIDADE SKY MAIO', '2019-05-07', '100.00', '2019-05-07', 5, 11, 49),
(358, 'TARIFA MANUTEN??O DE CONTA MAIO', '2019-05-08', '34.00', '2019-05-08', 23, 7, 47),
(359, 'ABASTECIMENTO MOTO', '2019-05-08', '15.00', '2019-05-08', 91, 7, 13),
(360, 'TARIFA EMISS?O DE TED', '2019-05-09', '10.15', '2019-05-09', 23, 7, 47),
(361, 'ALMO?O ANIVERS?RIO GLAUCIA', '2019-05-09', '49.05', '2019-05-09', 70, 7, 1),
(362, 'ANUIDADE MAIO', '2019-05-09', '14.00', '2019-05-09', 16, 1, 2),
(363, 'CAMISA REDSOX 07/10', '2019-05-09', '18.08', '2019-05-09', 77, 4, 50),
(364, 'GOOGLE PLAY COMO TREINAR SEU DRAG?O MAIO', '2019-05-09', '31.99', '2019-05-09', 65, 4, 27),
(365, 'LANCHE GLAUCIA', '2019-05-09', '45.00', '2019-05-09', 108, 4, 29),
(366, 'HD SSD 01/03', '2019-05-09', '66.97', '2019-05-09', 77, 4, 36),
(367, 'ADAPTADOR HD 01/03', '2019-05-09', '8.97', '2019-05-09', 77, 4, 36),
(368, 'FRETE 01/03', '2019-05-09', '7.26', '2019-05-09', 77, 4, 20),
(369, 'LANCHE GLAUCIA', '2019-05-09', '31.00', '2019-05-09', 54, 4, 29),
(370, 'SKIN ADESIVO 01/02', '2019-05-09', '11995.00', '2019-05-09', 77, 4, 36),
(371, 'FRETE 01/02', '2019-05-09', '10.95', '2019-05-09', 77, 4, 20),
(372, 'IOF', '2019-05-09', '0.64', '2019-05-09', 16, 4, 25),
(373, 'ROUPAS 03/03', '2019-05-09', '51.34', '2019-05-09', 32, 11, 50),
(374, 'CART?O SICOOB', '2019-05-09', '530.18', '2019-05-09', 106, 4, 9),
(375, 'L?MPADA FAROL DIANTEIRO', '2019-05-09', '55.00', '2019-05-09', 11, 7, 33),
(376, 'S?CIO TORCEDOR MAIO', '2019-05-10', '25.00', '2019-05-10', 105, 7, 44),
(377, 'VIVO MAIO', '2019-05-10', '66.29', '2019-05-10', 119, 7, 12),
(378, 'VIVO ROSA MAIO', '2019-05-10', '47.95', '2019-05-10', 119, 7, 12),
(379, 'CORTE CABELO MAIO', '2019-05-11', '20.00', '2019-05-11', 37, 9, 3),
(380, 'MOTEL GLAUCIA', '2019-05-11', '45.00', '2019-05-11', 57, 9, 30),
(381, 'ABASTECIMENTO MOTO', '2019-05-15', '15.00', '2019-05-15', 91, 7, 13),
(382, 'PRESENTE CASAMENTO RAFAEL', '2019-05-15', '20.00', '2019-05-15', 71, 11, 39),
(383, 'TARIFA MANUTEN??O DE CONTA MAIO', '2019-05-15', '8.00', '2019-05-15', 106, 7, 47),
(384, 'JUROS CHEQUE ESPECIAL MAIO', '2019-05-17', '24.37', '2019-05-17', 16, 7, 28),
(385, 'REFRIGERANTES CHURRASCO PEDRO', '2019-05-20', '10.58', '2019-05-20', 9, 7, 30),
(386, 'REFRIGERANTES CHURRASCO PEDRO', '2019-05-20', '7.56', '2019-05-20', 25, 7, 30),
(387, 'AMEDOINS CHURRASCO PEDRO', '2019-05-20', '12.00', '2019-05-20', 25, 7, 30),
(388, 'PERFUME MALBEC GOLD 01/02', '2019-05-20', '67.17', '2019-05-20', 102, 11, 21),
(389, 'PERFUME ARBO LIBERT? 01/02', '2019-05-20', '43.50', '2019-05-20', 102, 11, 21),
(390, 'CHURRASCO PEDRO', '2019-05-20', '20.80', '2019-05-20', 112, 11, 30),
(391, 'SEGURO CHEQUE ESPECIAL MAIO', '2019-05-20', '2.00', '2019-05-20', 16, 7, 43),
(392, 'ABASTECIMENTO MOTO', '2019-05-22', '15.00', '2019-05-22', 91, 7, 13),
(393, 'ENERGIA ELETRICA MAIO', '2019-05-22', '94.41', '2019-05-22', 33, 9, 11),
(394, 'LAVAGEM MOTO', '2019-05-22', '20.00', '2019-05-22', 22, 9, 33),
(395, 'SANEAMENTO MAIO', '2019-05-27', '42.13', '2019-05-27', 100, 9, 11),
(396, 'INSS F?RIAS', '2019-05-30', '274.95', '2019-05-30', 68, 10, 23),
(397, 'IRRF F?RIAS', '2019-05-30', '67.42', '2019-05-30', 94, 10, 26),
(398, 'ABASTECIMENTO MOTO', '2019-05-30', '15.00', '2019-05-30', 91, 9, 13),
(399, 'REMENDO PNEU TRASEIRO', '2019-05-30', '40.00', '2019-05-30', 22, 9, 33),
(400, 'COMPRA OCULOS 08/12', '2019-05-31', '11.10', '2019-05-31', 77, 4, 50),
(401, 'PROTE??O OURO MAIO', '2019-05-31', '3.00', '2019-05-31', 14, 4, 43),
(402, 'GOOGLE PLAY COMO TREINAR SEU DRAG?O JUNHO', '2019-05-31', '6.99', '2019-05-31', 65, 4, 27),
(403, 'GOOGLE PLAY COMO TREINAR SEU DRAG?O JUNHO', '2019-05-31', '14.90', '2019-05-31', 65, 4, 27),
(404, 'IOF ADICIONAL ROTATIVO ABRIL', '2019-05-31', '0.50', '2019-05-31', 14, 4, 25),
(405, 'IOF DIARIO ROTATIVO ABRIL', '2019-05-31', '0.44', '2019-05-31', 14, 4, 25),
(406, 'ANUIDADE 06/06', '2019-05-31', '42.00', '2019-05-31', 14, 4, 2),
(407, 'MULTA POR ATRASO MAIO', '2019-05-31', '2.26', '2019-05-31', 14, 3, 34),
(408, 'JUROS DE MORA MAIO', '2019-05-31', '0.33', '2019-05-31', 14, 4, 28),
(409, 'ENCARGOS FINANCEIROS ROTATIVO', '2019-05-31', '3.28', '2019-05-31', 14, 4, 18),
(410, 'JUROS MORA 05/2017', '2019-05-31', '0.45', '2019-05-31', 14, 4, 28),
(411, 'ENCARGOS FINANCERIOS 05/2017', '2019-05-31', '4.29', '2019-05-31', 14, 4, 18),
(412, 'CABO IPAD 03/04', '2019-05-31', '37.25', '2019-05-31', 6, 4, 22),
(413, 'PRESENTE ANIERS?RIO GLAUCIA 01/03', '2019-05-31', '79.64', '2019-05-31', 77, 4, 39),
(414, 'BATERIA NOTEBOOK 01/03', '2019-05-31', '73.30', '2019-05-31', 20, 4, 36),
(415, 'ANUIDADE ABRIL', '2019-05-31', '6.99', '2019-05-31', 17, 4, 2),
(416, 'ANUIDADE MAIO', '2019-05-31', '6.99', '2019-05-31', 17, 4, 2),
(417, 'JUROS DE MORA', '2019-05-31', '0.30', '2019-05-31', 17, 4, 28),
(418, 'JUROS REMUNERAT?RIO', '2019-05-31', '4.22', '2019-05-31', 17, 4, 28),
(419, 'MULTA POR ATRASO', '2019-05-31', '2.61', '2019-05-31', 17, 3, 34),
(420, 'IOF', '2019-05-31', '0.55', '2019-05-31', 17, 4, 25),
(421, 'EMPRESTIMO CART?O 01/05', '2019-05-31', '128.40', '2019-05-31', 13, 4, 17),
(422, 'JUROS EMPRESTIMO CART?O 01/05', '2019-05-31', '39.20', '2019-05-31', 13, 4, 28),
(423, 'REVIS?O MOTO 01/02', '2019-05-31', '106.71', '2019-05-31', 11, 4, 33),
(424, 'ENCARGOS FINANCEIROS ROTATIVO', '2019-05-31', '31.61', '2019-05-31', 13, 4, 18),
(425, 'IOF', '2019-05-31', '0.98', '2019-05-31', 13, 4, 25),
(426, 'SEGURO COMPRA PREMIADA MAIO', '2019-05-31', '16.42', '2019-05-31', 110, 4, 43),
(427, 'JUROS REMUNERAT?RIO', '2019-05-31', '6.00', '2019-05-31', 13, 4, 28),
(428, 'JUROS DE MORA', '2019-05-31', '0.32', '2019-05-31', 13, 4, 28),
(429, 'MULTA POR ATRASO', '2019-05-31', '5.84', '2019-05-31', 13, 3, 34),
(430, 'JUROS PARCELAMENTO', '2019-05-31', '39.36', '2019-05-31', 13, 4, 28),
(431, 'REVIS?O MOTO 02/02', '2019-05-31', '111.00', '2019-05-31', 11, 4, 33),
(432, 'OI FIXO MAIO', '2019-05-31', '178.01', '2019-05-31', 113, 7, 24),
(433, 'TARIFA EMISS?O DE TED', '2019-05-31', '7.80', '2019-05-31', 106, 7, 47),
(434, 'JUROS CHEQUE ESPECIAL MAIO', '2019-05-31', '8.69', '2019-05-31', 106, 7, 28),
(435, 'CONSIGNADO JULHO 02/24', '2019-06-03', '418.27', '2019-06-03', 106, 7, 17),
(436, 'INTEGRALIZA??O CAPITAL JUNHO', '2019-06-03', '10.00', '2019-06-03', 106, 7, 5),
(437, 'IOF CHEQUE ESPECIAL JUNHO', '2019-06-03', '1.51', '2019-06-03', 106, 7, 25),
(438, 'TARIFA MANUTEN??O DE CONTA JUNHO', '2019-06-03', '16.00', '2019-06-03', 15, 7, 47),
(439, 'CR?DITO PESSOAL 04/2019 01/01', '2019-06-03', '1.13', '2019-06-03', 23, 7, 34),
(440, 'IOF JUNHO', '2019-06-03', '4.34', '2019-06-03', 16, 7, 25),
(441, 'TARIFA EMISS?O DE TED', '2019-06-04', '10.50', '2019-06-04', 16, 7, 47),
(442, 'SEGURO VIDA JUNHO', '2019-06-05', '31.19', '2019-06-05', 106, 7, 42),
(443, 'INSS JUNHO', '2019-06-05', '200.79', '2019-06-05', 68, 10, 23),
(444, 'CONSIGNADO JUNHO 03/24', '2019-06-05', '426.40', '2019-06-05', 106, 10, 17),
(445, 'TARIFA EMISS?O DE TED', '2019-06-05', '7.80', '2019-06-05', 106, 7, 47),
(446, 'CR?DITO PESSOAL 04/2019 01/01', '2019-06-05', '452.50', '2019-06-05', 23, 7, 17),
(447, 'CR?DITO PESSOAL 04/2019 01/01', '2019-06-05', '62.14', '2019-06-05', 23, 7, 28),
(448, 'CR?DITO PESSOAL 04/2019 01/01', '2019-06-05', '12.60', '2019-06-05', 23, 7, 34),
(449, 'CR?DITO PESSOAL 05/2019 01/01', '2019-06-05', '700.62', '2019-06-05', 23, 7, 17),
(450, 'CR?DITO PESSOAL 05/2019 01/01', '2019-06-05', '66.01', '2019-06-05', 23, 7, 17),
(451, 'CR?DITO PESSOAL 03/2019 02/02', '2019-06-05', '167.87', '2019-06-05', 23, 7, 28),
(452, 'CR?DITO PESSOAL 03/2019 02/02', '2019-06-05', '666.96', '2019-06-05', 23, 7, 17),
(453, 'MENSALIDADE SKY JUNHO', '2019-06-07', '100.00', '2019-06-07', 5, 11, 49),
(454, 'LANCHE IFNMG', '2019-06-07', '3.00', '2019-06-07', 55, 9, 29),
(455, 'TARIFA MANUTEN??O DE CONTA JUNHO', '2019-06-07', '1.30', '2019-06-07', 23, 7, 47),
(456, 'CORTE CABELO JUNHO', '2019-06-08', '20.00', '2019-06-08', 37, 9, 3),
(457, 'ABASTECIMENTO CARRO GLAUCIA', '2019-06-09', '15.00', '2019-06-09', 92, 9, 13),
(458, 'ABASTECIMENTO MOTO', '2019-06-10', '15.00', '2019-06-10', 91, 7, 13),
(459, 'ADAPTADOR HD 02/03', '2019-06-10', '8.97', '2019-06-10', 77, 4, 36),
(460, 'ANUIDADE JUNHO', '2019-06-10', '14.90', '2019-06-10', 16, 4, 2),
(461, 'CAMISA REDSOX 08/10', '2019-06-10', '18.08', '2019-06-10', 77, 4, 50),
(462, 'FRETE 02/03', '2019-06-10', '7.26', '2019-06-10', 77, 4, 20),
(463, 'FRETE 02/02', '2019-06-10', '10.95', '2019-06-10', 77, 4, 20),
(464, 'GOOGLE PLAY COMO TREINAR SEU DRAG?O JUNHO', '2019-06-10', '31.99', '2019-06-10', 65, 4, 27),
(465, 'HD SSD 02/03', '2019-06-10', '66.92', '2019-06-10', 77, 4, 36),
(466, 'SKIN ADESIVO 02/02', '2019-06-10', '12.00', '2019-06-10', 77, 4, 36),
(467, 'JUROS DE MORA JUNHO', '2019-06-10', '0.06', '2019-06-10', 16, 4, 28),
(468, 'JUROS ROTATIVO JUNHO', '2019-06-10', '0.85', '2019-06-10', 16, 4, 28),
(469, 'MULTA POR ATRASO JUNHO', '2019-06-10', '4.94', '2019-06-10', 16, 3, 34),
(470, 'ENCARGOS DE ATRASO JUNHO', '2019-06-10', '0.57', '2019-06-10', 16, 4, 18),
(471, 'VIVO JUNHO', '2019-06-10', '64.98', '2019-06-10', 119, 7, 12),
(472, 'MENSALIDADE ACADEMIA JUNHO', '2019-06-10', '100.00', '2019-06-10', 39, 9, 42),
(473, 'CART?O SICOOB', '2019-06-11', '731.79', '2019-06-11', 106, 4, 9),
(474, 'TARIFA EMISS?O DE TED', '2019-06-13', '7.80', '2019-06-13', 106, 7, 47),
(475, 'TARIFA MANUTEN??O DE CONTA JUNHO', '2019-06-17', '8.00', '2019-06-17', 106, 7, 47),
(476, 'JUROS CHEQUE ESPECIAL MAIO', '2019-06-17', '56.39', '2019-06-17', 16, 7, 28),
(477, 'SEGURO CHEQUE ESPECIAL MAIO', '2019-06-18', '2.47', '2019-06-18', 16, 7, 43),
(478, 'TARIFA MANUTEN??O DE CONTA JUNHO', '2019-06-18', '32.10', '2019-06-18', 23, 7, 47),
(479, 'TARIFA EMISS?O DE TED', '2019-06-18', '10.15', '2019-06-18', 23, 7, 47),
(480, 'PERFUME ARBO LIBERT? 02/02', '2019-06-18', '43.50', '2019-06-18', 102, 11, 21),
(481, 'PERFUME MALBEC GOLD 02/02', '2019-06-18', '67.17', '2019-06-18', 102, 11, 21),
(482, 'VIVO ROSA JUNHO', '2019-06-21', '46.99', '2019-06-21', 119, 7, 12),
(483, 'SANEAMENTO JUNHO', '2019-06-21', '42.34', '2019-06-21', 100, 9, 11),
(484, 'ENERGIA ELETRICA JUNHO', '2019-06-21', '81.73', '2019-06-21', 33, 9, 11),
(485, 'LANCHE GLAUCIA', '2019-06-24', '48.50', '2019-06-24', 78, 7, 29),
(486, 'TARIFA EMISS?O DE TED', '2019-06-24', '7.80', '2019-06-24', 106, 7, 47),
(487, 'ANUIDADE 01/12', '2019-06-25', '21.00', '2019-06-25', 14, 4, 2),
(488, 'COMPRA OCULOS 09/12', '2019-06-25', '11.10', '2019-06-25', 77, 4, 50),
(489, 'ENCARGOS FINANCEIROS ROTATIVO', '2019-06-25', '1.66', '2019-06-25', 14, 4, 18),
(490, 'ENCARGOS FINANCERIOS 05/2017', '2019-06-25', '0.08', '2019-06-25', 14, 4, 18),
(491, 'IOF ADICIONAL ROTATIVO JUNHO', '2019-06-25', '0.08', '2019-06-25', 14, 4, 25),
(492, 'IOF DIARIO ROTATIVO JUNHO', '2019-06-25', '0.34', '2019-06-25', 14, 4, 25),
(493, 'JUROS DE MORA JUNHO', '2019-06-25', '0.16', '2019-06-25', 14, 4, 28),
(494, 'MULTA POR ATRASO JUNHO', '2019-06-25', '1.75', '2019-06-25', 14, 3, 34),
(495, 'PROTE??O OURO JUNHO', '2019-06-25', '3.00', '2019-06-25', 14, 4, 43),
(496, 'PRESENTE DIA DOS NAMORADOS GLAUCIA 01/05', '2019-06-25', '40.56', '2019-06-25', 50, 4, 39),
(497, 'CABO IPAD 04/04', '2019-06-25', '37.25', '2019-06-25', 6, 4, 22),
(498, 'JUROS DE MORA', '2019-06-25', '0.60', '2019-06-25', 17, 4, 28),
(499, 'JUROS REMUNERAT?RIO', '2019-06-25', '8.61', '2019-06-25', 17, 4, 28),
(500, 'MULTA POR ATRASO', '2019-06-25', '6.08', '2019-06-25', 17, 3, 34),
(501, 'IOF', '2019-06-25', '1.29', '2019-06-25', 17, 4, 25),
(502, 'JURO PARCELAMENTO', '2019-06-25', '4.04', '2019-06-25', 17, 4, 28),
(503, 'JUROS CHEQUE ESPECIAL JUNHO', '2019-06-28', '1.73', '2019-06-28', 106, 7, 28),
(504, 'IOF CHEQUE ESPECIAL JULHO', '2019-07-01', '1.17', '2019-07-01', 106, 7, 25),
(505, 'IOF JULHO', '2019-07-01', '0.68', '2019-07-01', 16, 7, 25),
(506, 'INTEGRALIZA??O CAPITAL JULHO', '2019-07-03', '10.00', '2019-07-03', 106, 7, 5),
(507, 'TARIFA MANUTEN??O DE CONTA JULHO', '2019-07-05', '2.15', '2019-07-05', 23, 7, 47),
(508, 'SEGURO VIDA JULHO', '2019-07-05', '31.19', '2019-07-05', 106, 7, 42),
(509, 'INSS JULHO', '2019-07-05', '0.00', '2019-07-05', 68, 10, 23),
(510, 'CORTE CABELO JULHO', '2019-07-06', '25.00', '2019-07-06', 37, 9, 3),
(511, 'ADAPTADOR HD 03/03', '2019-07-08', '8.97', '2019-07-08', 77, 4, 36),
(512, 'ANUIDADE JULHO', '2019-07-08', '14.90', '2019-07-08', 16, 4, 2),
(513, 'CAMISA REDSOX 09/10', '2019-07-08', '18.08', '2019-07-08', 77, 4, 50),
(514, 'FRETE 03/03', '2019-07-08', '725666666666667.00', '2019-07-08', 77, 4, 20),
(515, 'JUROS ROTATIVO JUNHO', '2019-07-08', '0.93', '2019-07-08', 16, 4, 28),
(516, 'HD SSD 03/03', '2019-07-08', '66.97', '2019-07-08', 77, 4, 36),
(517, 'PRESUNTO DEFUMADO', '2019-07-08', '34.85', '2019-07-08', 36, 7, 29),
(518, 'MENSALIDADE SKY JULHO', '2019-07-09', '100.00', '2019-07-09', 5, 11, 49),
(519, 'MENSALIDADE ACADEMIA JULHO', '2019-07-11', '100.00', '2019-07-11', 39, 9, 42),
(520, 'FATURA SICOOBCARD', '2019-07-11', '831.08', '2019-07-11', 106, 4, 9),
(521, 'ABASTECIMENTO MOTO', '2019-07-11', '15.00', '2019-07-11', 91, 7, 13),
(522, 'OI FIXO JULHO', '2019-07-11', '120.60', '2019-07-11', 113, 7, 24),
(523, 'TARIFA MANUTEN??O DE CONTA JULHO', '2019-07-15', '8.00', '2019-07-15', 106, 7, 47),
(524, 'LANCHE GLAUCIA', '2019-07-16', '37.00', '2019-07-16', 54, 7, 29),
(525, 'JUROS CHEQUE ESPECIAL JUNHO', '2019-07-17', '1.59', '2019-07-17', 16, 7, 28),
(526, 'OI FIXO JUNHO', '2019-07-17', '168.04', '2019-07-17', 113, 7, 24),
(527, 'BOLETO SUBMARINO', '2019-07-29', '206.00', '2019-07-29', 110, 4, 10),
(528, 'JUROS CHEQUE ESPECIAL JULHO', '2019-07-31', '10.47', '2019-07-31', 106, 7, 28),
(529, 'IOF CHEQUE ESPECIAL AGOSTO', '2019-08-01', '2.16', '2019-08-01', 106, 7, 25),
(530, 'IOF AGOSTO', '2019-08-01', '0.61', '2019-08-01', 16, 7, 25),
(531, 'TARIFA EMISS?O DE TED', '2019-08-02', '10.50', '2019-08-02', 16, 7, 47),
(532, 'CR?DITO PESSOAL 06/2019 01/02', '2019-08-05', '900.00', '2019-08-05', 23, 7, 17),
(533, 'CR?DITO PESSOAL 06/2019 01/02', '2019-08-05', '190.23', '2019-08-05', 23, 7, 28),
(534, 'TARIFA MANUTEN??O DE CONTA JULHO', '2019-08-05', '31.85', '2019-08-05', 23, 7, 47),
(535, 'SEGURO VIDA AGOSTO', '2019-08-05', '31.19', '2019-08-05', 106, 7, 42),
(536, 'INSS AGOSTO', '2019-08-05', '0.00', '2019-08-05', 68, 10, 23),
(537, 'CONSIGNADO JUNHO 04/24', '2019-08-05', '426.40', '2019-08-05', 106, 10, 17),
(538, 'INTEGRALIZA??O CAPITAL AGOSTO', '2019-08-05', '10.00', '2019-08-05', 106, 7, 5),
(539, 'TARIFA EMISS?O DE TED', '2019-08-05', '7.80', '2019-08-05', 106, 7, 47),
(540, 'ROUPAS 01/03', '2019-08-06', '144.00', '2019-08-06', 32, 11, 50),
(541, 'MENSALIDADE SKY AGOSTO', '2019-08-07', '100.00', '2019-08-07', 5, 11, 49),
(542, 'TARIFA MANUTEN??O DE CONTA AGOSTO', '2019-08-07', '34.00', '2019-08-07', 23, 7, 47),
(543, 'TARIFA EMISS?O DE TED', '2019-08-07', '10.15', '2019-08-07', 23, 7, 47),
(544, 'VIAGEM FAZENDA', '2019-08-07', '57.29', '2019-08-07', 41, 11, 30),
(545, 'ANUIDADE AGOSTO', '2019-08-09', '14.90', '2019-08-09', 16, 4, 2),
(546, 'CAMISA REDSOX 10/10', '2019-08-09', '18.08', '2019-08-09', 77, 4, 50),
(547, 'MENSALIDADE ACADEMIA AGOSTO', '2019-08-16', '100.00', '2019-08-16', 97, 9, 42),
(548, 'CORTE CABELO AGOSTO', '2019-08-10', '20.00', '2019-08-10', 37, 9, 3),
(549, 'RIFAS', '2019-08-12', '20.00', '2019-08-12', 1, 9, 41),
(550, 'FATURA SICOOBCARD', '2019-08-12', '828.04', '2019-08-12', 106, 4, 9),
(551, 'TARIFA MANUTEN??O DE CONTA AGOSTO', '2019-08-15', '8.00', '2019-08-15', 106, 7, 47),
(552, 'OI FIXO AGOSTO', '2019-08-16', '224.83', '2019-08-16', 113, 7, 24),
(553, 'JUROS CHEQUE ESPECIAL JULHO', '2019-08-19', '2.96', '2019-08-19', 16, 7, 28),
(554, 'ENERGIA ELETRICA AGOSTO', '2019-08-19', '100.00', '2019-08-19', 33, 9, 11),
(555, 'SANEAMENTO AGOSTO', '2019-08-19', '25.76', '2019-08-19', 100, 9, 11),
(556, 'FATURA SANTANDER', '2019-08-29', '97.23', '2019-08-29', 17, 4, 8),
(557, 'ANUIDADE 02/12', '2019-08-29', '21.00', '2019-08-29', 14, 4, 2),
(558, 'COMPRA OCULOS 10/12', '2019-08-29', '11.10', '2019-08-29', 77, 4, 50),
(559, 'PROTE??O OURO JULHO', '2019-08-29', '3.00', '2019-08-29', 14, 4, 43),
(560, 'ANUIDADE 03/12', '2019-08-29', '21.00', '2019-08-29', 14, 4, 2),
(561, 'COMPRA OCULOS 11/12', '2019-08-29', '11.10', '2019-08-29', 77, 4, 50),
(562, 'PROTE??O OURO AGOSTO', '2019-08-29', '3.00', '2019-08-29', 14, 4, 43),
(563, 'IOF ADICIONAL ROTATIVO JULHO', '2019-08-29', '0.13', '2019-08-29', 14, 4, 25),
(564, 'IOF DIARIO ROTATIVO JULHO', '2019-08-29', '0.02', '2019-08-29', 14, 4, 25),
(565, 'JUROS DE MORA JULHO', '2019-08-29', '0.36', '2019-08-29', 14, 4, 28),
(566, 'MULTA POR ATRASO JUNHO', '2019-08-29', '0.70', '2019-08-29', 14, 3, 34),
(567, 'ENCARGOS FINANCEIROS ROTATIVO', '2019-08-29', '3.57', '2019-08-29', 14, 4, 18),
(568, 'LANCHE ALMO?O', '2019-08-30', '12.80', '2019-08-30', 55, 7, 29),
(569, 'JUROS CHEQUE ESPECIAL AGOSTO', '2019-08-30', '8.66', '2019-08-30', 106, 7, 28),
(570, 'IOF CHEQUE ESPECIAL SETEMBRO', '2019-09-02', '2.12', '2019-09-02', 106, 7, 25),
(571, 'INTEGRALIZA??O CAPITAL SETEMBRO', '2019-09-03', '10.00', '2019-09-03', 106, 7, 5),
(572, 'PASTEL DOCE', '2019-09-04', '6.00', '2019-09-04', 56, 9, 29),
(573, 'LANCHE IFNMG', '2019-09-04', '18.00', '2019-09-04', 55, 9, 29),
(574, 'SEGURO VIDA SETEMBRO', '2019-09-05', '31.19', '2019-09-05', 106, 7, 42),
(575, 'CR?DITO PESSOAL 06/2019 02/02', '2019-09-05', '190.23', '2019-09-05', 23, 7, 28),
(576, 'CR?DITO PESSOAL 06/2019 02/02', '2019-09-05', '900.00', '2019-09-05', 23, 7, 17),
(577, 'TARIFA MANUTEN??O DE CONTA SETEMBRO', '2019-09-05', '34.00', '2019-09-05', 23, 7, 47),
(578, 'MENSALIDADE ACADEMIA SETEMBRO', '2019-09-05', '100.00', '2019-09-05', 39, 9, 42),
(579, 'MENSALIDADE SKY SETEMBRO', '2019-09-05', '100.00', '2019-09-05', 5, 11, 49),
(580, 'CONSIGNADO PREFEITURA DE PIRAPORA', '2019-09-05', '22.74', '2019-09-05', 106, 11, 17),
(581, 'ROUPAS 02/03', '2019-09-05', '144.00', '2019-09-05', 32, 11, 50),
(582, 'CARTAO SUBMARINO', '2019-09-05', '243.09', '2019-09-05', 110, 4, 10),
(583, 'CANECA GE?SA', '2019-09-05', '20.00', '2019-09-05', 29, 11, 39),
(584, 'CUECAS', '2019-09-06', '40.00', '2019-09-06', 10, 9, 50),
(585, 'RIFAS', '2019-09-06', '10.00', '2019-09-06', 41, 9, 41),
(586, 'DESODORANTE DOVE', '2019-09-09', '24.58', '2019-09-09', 46, 7, 21),
(587, 'SABONETE PROTEX', '2019-09-09', '7.59', '2019-09-09', 46, 7, 21),
(588, 'ANUIDADE SETEMBRO', '2019-09-09', '14.90', '2019-09-09', 16, 4, 2),
(589, 'JUROS ROTATIVO SETEMBRO', '2019-09-09', '0.77', '2019-09-09', 16, 4, 28),
(590, 'ENCARGOS DE ATRASO SETEMBRO', '2019-09-09', '0.07', '2019-09-09', 16, 4, 18),
(591, 'GOOGLE PLAY COMO TREINAR SEU DRAG?O SETEMBRO', '2019-09-09', '34.99', '2019-09-09', 65, 4, 27),
(592, 'OI FIXO SETEMBRO', '2010-09-10', '233.64', '2010-09-10', 113, 7, 24),
(593, 'OI FIXO JUNHO', '2019-09-11', '43.25', '2019-09-11', 113, 7, 24),
(594, 'VITAMINA DE AVEIA', '2019-09-11', '2.00', '2019-09-11', 10, 9, 29),
(595, 'FATURA SICOOBCARD', '2019-09-11', '804.04', '2019-09-11', 106, 4, 9),
(596, 'ABASTECIMENTO CARRO GLAUCIA', '2019-09-14', '15.00', '2019-09-14', 92, 9, 13),
(597, 'CORTE CABELO SETEMBRO', '2019-09-14', '25.00', '2019-09-14', 37, 9, 3),
(598, 'MOTO TAXI AZ MOTOS/CASA', '2019-09-16', '5.00', '2019-09-16', 79, 9, 48),
(599, 'TARIFA MANUTEN??O DE CONTA SETEMBRO', '2019-09-16', '8.00', '2019-09-16', 106, 7, 47),
(600, 'MOTO CASA/SICOOB', '2019-09-17', '7.00', '2019-09-17', 79, 9, 48),
(601, 'LANCHE ALMO?O', '2019-09-17', '13.30', '2019-09-17', 55, 7, 29),
(602, 'LANCHE ALMO?O', '2019-09-20', '13.30', '2019-09-20', 55, 7, 29),
(603, 'ENERGIA ELETRICA SETEMBRO', '2019-09-20', '92.26', '2019-09-20', 33, 9, 11),
(604, 'SANEAMENTO SETEMBRO', '2019-09-20', '57.42', '2019-09-20', 100, 9, 11),
(605, 'CH? DE FRAUDAS PAMELA', '2019-09-23', '138.00', '2019-09-23', 84, 11, 39),
(606, 'MOTO TAXI CASA/TRABALHO', '2019-09-24', '10.00', '2019-09-24', 79, 9, 48),
(607, 'MOTO TAXI TRABALHO/CASA', '2019-09-24', '7.00', '2019-09-24', 79, 9, 48),
(608, 'REMENDO PNEU TRASEIRO', '2019-09-24', '10.00', '2019-09-24', 22, 9, 33),
(609, 'CART?O SANTANDER', '2019-09-25', '158.74', '2019-09-25', 17, 4, 8),
(610, 'FATURA SUBMARINO', '2019-09-26', '263.24', '2019-09-26', 110, 4, 10),
(611, 'ANUIDADE 04/12', '2019-09-26', '21.00', '2019-09-26', 14, 4, 2),
(612, 'COMPRA OCULOS 12/12', '2019-09-26', '11.10', '2019-09-26', 77, 4, 50),
(613, 'PROTE??O OURO SETEMBRO', '2019-09-26', '3.00', '2019-09-26', 14, 4, 43),
(614, 'JUROS DE MORA AGOSTO', '2019-09-26', '0.09', '2019-09-26', 14, 4, 28),
(615, 'ENCARGOS FINANCEIROS ROTATIVO', '2019-09-26', '0.98', '2019-09-26', 14, 4, 18),
(616, 'IOF ADICIONAL ROTATIVO AGOSTO', '2019-09-26', '0.15', '2019-09-26', 14, 4, 25),
(617, 'IOF DIARIO ROTATIVO AGOSTO', '2019-09-26', '0.09', '2019-09-26', 14, 4, 25),
(618, 'MULTA POR ATRASO JUNHO', '2019-09-26', '0.78', '2019-09-26', 14, 3, 34),
(619, 'ABASTECIMENTO CARRO GLAUCIA', '2019-09-28', '15.00', '2019-09-28', 92, 9, 13),
(620, 'TARIFA EMISS?O DE TED', '2019-10-01', '10.50', '2019-10-01', 16, 7, 47),
(621, 'IOF CHEQUE ESPECIAL OUTUBRO', '2019-10-01', '2.34', '2019-10-01', 106, 7, 25),
(622, 'JUROS CHEQUE ESPECIAL SETEMBRO', '2019-10-01', '2.76', '2019-10-01', 106, 7, 28),
(623, 'INTEGRALIZA??O CAPITAL OUTUBRO', '2019-10-03', '10.00', '2019-10-03', 106, 7, 5),
(624, 'CONSIGNADO OUTUBRO 06/24', '2019-10-04', '426.40', '2019-10-04', 106, 10, 17),
(625, 'CORTE CABELO OUTUBRO', '2019-10-05', '20.00', '2019-10-05', 37, 9, 3),
(626, 'CONSIGNADO SETEMBRO 05/24', '2019-09-05', '426.40', '2019-09-05', 106, 10, 17);

-- --------------------------------------------------------

--
-- Estrutura da tabela `movimento_conta`
--

CREATE TABLE `movimento_conta` (
  `Id_MovimentoConta` int(11) NOT NULL,
  `Data_MovimentoConta` date DEFAULT NULL,
  `Descricao_MovimentoConta` varchar(255) COLLATE utf8_unicode_ci DEFAULT NULL,
  `Tipo_MovimentoConta` varchar(255) COLLATE utf8_unicode_ci DEFAULT NULL,
  `Valor_MovimentoConta` decimal(19,2) DEFAULT NULL,
  `LancamentoConta_Id_LancamentoConta` int(11) NOT NULL,
  `Numero_Conta_Id_Conta` int(11) NOT NULL
) ENGINE=InnoDB DEFAULT CHARSET=utf8 COLLATE=utf8_unicode_ci;

--
-- Extraindo dados da tabela `movimento_conta`
--

INSERT INTO `movimento_conta` (`Id_MovimentoConta`, `Data_MovimentoConta`, `Descricao_MovimentoConta`, `Tipo_MovimentoConta`, `Valor_MovimentoConta`, `LancamentoConta_Id_LancamentoConta`, `Numero_Conta_Id_Conta`) VALUES
(1, '2019-01-01', 'SALDO EM CONTA', 'C', '56.90', 11, 2),
(2, '2019-01-01', 'SALDO EM CONTA', 'C', '3.59', 11, 3),
(3, '2019-01-01', 'SALDO EM CONTA', 'D', '167.24', 11, 1),
(4, '2019-01-01', 'SALDO EM CONTA', 'C', '670.05', 11, 4),
(5, '2019-01-01', 'RENDIMENTO', 'C', '0.01', 9, 4),
(6, '2019-01-02', 'TED ITA? ALVINO', 'C', '650.00', 16, 2),
(7, '2019-01-02', 'CHEQUE GELADEIRA N? 567 WANDERSON', 'D', '126.33', 1, 2),
(8, '2019-01-02', 'CHEQUE GELADEIRA N? 567 LEANDRO', 'D', '126.33', 1, 2),
(9, '2019-01-02', 'CHEQUE GELADEIRA N? 567', 'D', '126.34', 1, 2),
(10, '2019-01-02', 'IOF CHEQUE ESPECIAL JANEIRO', 'D', '0.77', 15, 1),
(11, '2019-01-02', 'TED BANCO DO NORDESTE', 'D', '650.00', 16, 4),
(12, '2019-01-02', 'IOF JANEIRO', 'D', '0.13', 15, 4),
(13, '2019-01-03', 'COMPRA CART?O', 'D', '17.21', 3, 1),
(14, '2019-01-03', 'SUBSCRI??O CAPITAL JANEIRO', 'D', '10.00', 14, 1),
(15, '2019-01-03', 'PACOTE TARIFAS JANEIRO', 'D', '34.00', 15, 4),
(16, '2019-01-03', 'TARIFA EMISS?O DE TED', 'D', '10.20', 15, 4),
(17, '2019-01-04', 'PACOTE TARIFAS JANEIRO', 'D', '16.00', 15, 2),
(18, '2019-01-04', 'CR?DITO SAL?RIO JANEIRO', 'C', '1283.20', 10, 1),
(19, '2019-01-04', 'SAQUE', 'D', '200.00', 12, 1),
(20, '2019-01-04', 'COMPRA CART?O', 'D', '12.00', 3, 1),
(21, '2019-01-04', 'BOLETO VIVO PAMELA', 'D', '49.99', 8, 1),
(22, '2019-01-07', 'DEP?SITO GISLENE', 'C', '862.00', 4, 2),
(23, '2019-01-07', 'CHEQUE GISLENE N? 577', 'D', '861.82', 1, 2),
(24, '2019-01-07', 'DEP?SITO', 'C', '205.00', 4, 3),
(25, '2019-01-07', 'PAGAMENTO EMPRESTIMO 01/2018 12/12', 'D', '204.69', 8, 3),
(26, '2019-01-07', 'SEGURO VIDA JANEIRO', 'D', '31.19', 8, 1),
(27, '2019-01-07', 'SAQUE ATM', 'D', '50.00', 12, 1),
(28, '2019-01-08', 'EMPRESTIMO PESSOAL 01/2019', 'C', '863.00', 5, 3),
(29, '2019-01-08', 'PACOTE TARIFAS JANEIRO', 'D', '34.00', 15, 3),
(30, '2019-01-08', 'TRANSFER?NCIA ALYNE', 'D', '100.00', 17, 1),
(31, '2019-01-08', 'TRANSFER?NCIA SAMUEL', 'D', '42.33', 17, 1),
(32, '2019-01-08', 'FATURA CART?O NETSHOES JANEIRO', 'D', '94.04', 8, 1),
(33, '2019-01-08', 'SAQUE INTERCREDIS', 'D', '100.00', 12, 1),
(34, '2019-01-08', 'OI FIXO DEZEMBRO', 'D', '167.14', 8, 1),
(35, '2019-01-09', 'DEP?SITO', 'C', '200.00', 4, 2),
(36, '2019-01-09', 'SAQUE ATM', 'D', '200.00', 12, 1),
(37, '2019-01-09', 'COMPRA CART?O', 'D', '15.00', 3, 1),
(38, '2019-01-10', 'S?CIO TORCEDOR SPFC JANEIRO', 'D', '25.00', 8, 3),
(39, '2019-01-10', 'TED SICOOB SERT?O MINAS', 'D', '285.00', 16, 3),
(40, '2019-01-10', 'PAGAMENTO EMPRESTIMO 17/2018 01/02', 'D', '511.17', 8, 3),
(41, '2019-01-10', 'TARIFA EMISS?O DE TED', 'D', '10.00', 15, 3),
(42, '2019-01-10', 'CREDITO PROMOCIONAL', 'C', '2.48', 2, 1),
(43, '2019-01-10', 'TED BRADESCO', 'C', '285.00', 16, 1),
(44, '2019-01-14', 'FATURA CART?O SICOOBCARD JANEIRO', 'D', '189.00', 8, 1),
(45, '2019-01-14', 'VIVO JANEIRO', 'D', '63.47', 8, 1),
(46, '2019-01-14', 'COMPRA CART?O', 'D', '12.50', 3, 1),
(47, '2019-01-14', 'TRANSFER?CIA ALYNE', 'C', '2.50', 17, 1),
(48, '2019-01-14', 'DEP?SITO WANDERSON', 'C', '200.00', 4, 1),
(49, '2019-01-14', 'DEP?SITO ROSA', 'C', '100.00', 4, 1),
(50, '2019-01-14', 'VIVO JANEIRO ROSA', 'D', '46.99', 8, 1),
(51, '2019-01-15', 'COMPRA CART?O', 'D', '17.00', 3, 1),
(52, '2019-01-15', 'PACOTE DE TARIFAS JANEIRO', 'D', '8.00', 15, 1),
(53, '2019-01-16', 'JUROS CHEQUE ESPECIAL', 'D', '2.16', 15, 4),
(54, '2019-01-17', 'BOLETO VIVO BRUNA', 'D', '36.66', 8, 1),
(55, '2019-01-17', 'DEP?SITO', 'C', '350.00', 4, 1),
(56, '2019-01-21', 'JUROS POUPAN?A CORRENTE', 'C', '0.21', 9, 2),
(57, '2019-01-22', 'COMPRA CART?O', 'D', '15.00', 3, 1),
(58, '2019-01-22', 'DEP?SITO', 'C', '980.00', 4, 1),
(59, '2019-01-22', 'COMPRA CART?O', 'D', '14.00', 3, 1),
(60, '2019-01-22', 'DEP?SITO', 'C', '116.00', 4, 1),
(61, '2019-01-23', 'DEP?SITO CHEQUE COMPORAS MARISA', 'C', '1487.44', 4, 2),
(62, '2019-01-23', 'DEP?SITO CHEQUE COMPORAS VANILDA', 'C', '217.21', 4, 2),
(63, '2019-01-23', 'DEP?SITO CHEQUE COMPORAS WANDERSON', 'C', '265.65', 4, 2),
(64, '2019-01-23', 'DEP?SITO CHEQUE COMPORAS ALVINO', 'C', '234.70', 4, 2),
(65, '2019-01-23', 'SAQUE', 'D', '1255.00', 12, 1),
(66, '2019-01-23', 'SAQUE', 'D', '400.00', 12, 1),
(67, '2019-01-23', 'SAQUE', 'D', '10.00', 12, 1),
(68, '2019-01-25', 'CHEQUE GISLENE N? 571', 'D', '622.00', 1, 2),
(69, '2019-01-25', 'CHEQUE GISLENE N? 581', 'D', '1010.68', 1, 2),
(70, '2019-01-25', 'FATURA CART?O SUBMARINO JANEIRO', 'D', '126.55', 8, 1),
(71, '2019-01-28', 'TED SICOOB SERT?O MINAS GISLENE', 'C', '1010.68', 16, 2),
(72, '2019-01-28', 'TED SICOOB SERT?O MINAS GISLENE', 'C', '622.00', 16, 2),
(73, '2019-01-28', 'TED SICOOB SERT?O MINAS GISLENE', 'C', '220.00', 16, 2),
(74, '2019-01-28', 'TED SICOOB SERT?O MINAS', 'C', '47.32', 16, 2),
(75, '2019-01-28', 'CHEQUE GISLENE N? 578', 'D', '250.00', 1, 2),
(76, '2019-01-28', 'CHEQUE COMPRAS N? 580 VANILDA', 'D', '217.21', 1, 2),
(77, '2019-01-28', 'CHEQUE COMPRAS N? 580 WANDERSON', 'D', '265.65', 1, 2),
(78, '2019-01-28', 'CHEQUE COMPRAS N? 580 ALVINO', 'D', '736.69', 1, 2),
(79, '2019-01-28', 'CHEQUE COMPRAS N? 580 MARISA', 'D', '1487.43', 1, 2),
(80, '2019-01-28', 'DEP?SITO GISLENE', 'C', '1010.68', 4, 1),
(81, '2019-01-28', 'DEP?SITO GISLENE', 'C', '220.00', 4, 1),
(82, '2019-01-28', 'DEP?SITO', 'C', '1.32', 4, 1),
(83, '2019-01-28', 'TRANSFER?NCIA WELDER LEANDRO', 'C', '622.00', 17, 1),
(84, '2019-01-28', 'TED BANCO DO NORDESTE', 'D', '1900.00', 16, 1),
(85, '2019-01-28', 'FATURA CART?O SANTANDER JANEIRO', 'D', '47.35', 8, 1),
(86, '2019-01-28', 'TARIFA EMISS?O DE TED', 'D', '7.80', 15, 1),
(87, '2019-01-29', 'BENEFICIO INSS', 'C', '742.03', 2, 4),
(88, '2019-01-30', 'DEP?SITO ALVINO', 'C', '500.00', 4, 1),
(89, '2019-01-30', 'SAQUE', 'D', '500.00', 12, 4),
(90, '2019-01-31', 'JUROS POUPAN?A CORRENTE', 'C', '0.01', 9, 3),
(91, '2019-01-31', 'JUROS CHEQUE ESPECIAL JANEIRO', 'D', '4.71', 15, 1),
(92, '2019-02-01', 'DEP?SITO ALVINO', 'C', '380.00', 4, 2),
(93, '2019-02-01', 'PACOTE TARIFAS FEVEREIRO', 'D', '16.00', 15, 2),
(94, '2019-02-01', 'CHEQUE GELADEIRA N? 568 WANDERSON', 'D', '126.33', 1, 2),
(95, '2019-02-01', 'CHEQUE GELADEIRA N? 568 LEANDRO', 'D', '126.33', 1, 2),
(96, '2019-02-01', 'CHEQUE GELADEIRA N? 568', 'D', '126.34', 1, 2),
(97, '2019-02-01', 'SAQUE', 'D', '380.00', 12, 1),
(98, '2019-02-01', 'IOF CHEQUE ESPECIAL FEVEREIRO', 'D', '1.11', 15, 1),
(99, '2019-02-01', 'IOF FEVEREIRO', 'D', '0.13', 15, 4),
(100, '2019-02-01', 'SAQUE', 'D', '200.00', 12, 4),
(101, '2019-02-04', 'COMPRA CART?O', 'D', '15.00', 3, 1),
(102, '2019-02-04', 'SUBSCRI??O CAPITAL FEVEREIRO', 'D', '10.00', 14, 1),
(103, '2019-02-05', 'EMPRESTIMO PESSOAL 02/2019', 'C', '462.05', 5, 3),
(104, '2019-02-05', 'SEGURO VIDA FEVEREIRO', 'D', '31.19', 8, 1),
(105, '2019-02-05', 'CR?DITO SAL?RIO FEVEREIRO', 'C', '2022.83', 10, 1),
(106, '2019-02-05', 'DEP?SITO ALVINO', 'C', '100.00', 4, 1),
(107, '2019-02-05', 'DEP?SITO LEANDRO', 'C', '300.00', 4, 1),
(108, '2019-02-05', 'SAQUE', 'D', '425.00', 12, 1),
(109, '2019-02-05', 'TRANSFER?NCIA ALYNE', 'C', '20.00', 17, 1),
(110, '2019-02-05', 'TRANSFER?NCIA PEDRO', 'D', '270.00', 17, 1),
(111, '2019-02-05', 'TRANSFER?NCIA SAMUEL', 'D', '68.98', 17, 1),
(112, '2019-02-05', 'TRANSFER?NCIA ALYNE', 'D', '100.00', 17, 1),
(113, '2019-02-05', 'FATURA CART?O OUROCARD JANEIRO', 'D', '720.77', 8, 1),
(114, '2019-02-05', 'BOLETO VIVO PAMELA', 'D', '49.99', 8, 1),
(115, '2019-02-05', 'PACOTE TARIFAS FEVEREIRO', 'D', '34.00', 15, 4),
(116, '2019-02-05', 'TARIFA EMISS?O DE TED', 'D', '10.20', 15, 4),
(117, '2019-02-06', 'OI FIXO JANEIRO', 'D', '172.35', 8, 1),
(118, '2019-02-07', 'PACOTE TARIFAS FEVEREIRO', 'D', '34.00', 15, 3),
(119, '2019-02-07', 'D?POSITO', 'C', '300.00', 4, 1),
(120, '2019-02-11', 'TED SICOOB SERT?O MINAS', 'C', '110.00', 16, 3),
(121, '2019-02-11', 'S?CIO TORCEDOR SPFC FEVEREIRO', 'D', '25.00', 8, 3),
(122, '2019-02-11', 'PAGAMENTO EMPRESTIMO 17/2018 02/02', 'D', '511.17', 8, 3),
(123, '2019-02-11', 'CREDITO PROMOCIONAL', 'C', '2.79', 2, 1),
(124, '2019-02-11', 'FATURA CART?O SICOOBCARD FEVEREIRO', 'D', '636.45', 8, 1),
(125, '2019-02-11', 'SAQUE', 'D', '50.00', 12, 1),
(126, '2019-02-11', 'TED BANCO DO BRADESCO', 'D', '110.00', 16, 1),
(127, '2019-02-11', 'COMPRA CART?O', 'D', '15.00', 3, 1),
(128, '2019-02-11', 'DEP?SITO', 'C', '110.00', 4, 1),
(129, '2019-02-11', 'TARIFA EMISS?O DE TED', 'D', '7.80', 15, 1),
(130, '2019-02-12', 'D?POSITO', 'C', '350.00', 4, 1),
(131, '2019-02-12', 'COMPRA CART?O', 'D', '12.00', 3, 1),
(132, '2019-02-12', 'FATURA CART?O NETSHOES FEVEREIRO', 'D', '114.02', 8, 1),
(133, '2019-02-13', 'TRANSFER?CIA ALYNE', 'C', '20.00', 17, 1),
(134, '2019-02-13', 'SAQUE', 'D', '200.00', 12, 1),
(135, '2019-02-13', 'ADIANTAMENTO VIAGEM', 'C', '698.57', 2, 1),
(136, '2019-02-13', 'VIVO FEVEREIRO', 'D', '66.32', 8, 1),
(137, '2019-02-13', 'VIVO FEVEREIRO ROSA', 'D', '47.99', 8, 1),
(138, '2019-02-14', 'COMPRA CART?O', 'D', '33.00', 3, 1),
(139, '2019-02-15', 'TED SICOOB SERT?O MINAS', 'C', '210.00', 16, 2),
(140, '2019-02-15', 'TED BANCO DO BRADESCO', 'D', '210.00', 16, 1),
(141, '2019-02-15', 'DEP?SITO LEANDRO', 'C', '126.00', 4, 1),
(142, '2019-02-15', 'PACOTE DE TARIFAS FEVEREIRO', 'D', '8.00', 15, 1),
(143, '2019-02-15', 'TARIFA EMISS?O DE TED', 'D', '7.80', 15, 1),
(144, '2019-02-18', 'CHEQUE N? 582 WANDERSON', 'D', '210.25', 1, 2),
(145, '2019-02-18', 'COMPRA CART?O', 'D', '12.00', 3, 1),
(146, '2019-02-18', 'JUROS CHEQUE ESPECIAL', 'D', '2.37', 15, 4),
(147, '2019-02-19', 'DEP?SITO', 'C', '236.00', 4, 1),
(148, '2019-02-19', 'SAQUE', 'D', '251.53', 12, 1),
(149, '2019-02-20', 'DEP?SITO MARISA', 'C', '1420.00', 4, 2),
(150, '2019-02-20', 'DEP?SITO', 'C', '700.00', 4, 2),
(151, '2019-02-20', 'CHEQUE COMPRAS N? 583 ALVINO', 'D', '1432.11', 1, 2),
(152, '2019-02-20', 'CHEQUE COMPRAS N? 583 MARISA', 'D', '689.15', 1, 2),
(153, '2019-02-20', 'SAQUE', 'D', '700.00', 12, 1),
(154, '2019-02-25', 'COMPRA CART?O', 'D', '15.00', 3, 1),
(155, '2019-02-26', 'DEP?SITO ALVINO', 'C', '500.00', 4, 1),
(156, '2019-02-26', 'BENEFICIO INSS', 'C', '742.03', 2, 4),
(157, '2019-02-26', 'SAQUE', 'D', '500.00', 12, 4),
(158, '2019-02-27', 'DEP?SITO GISLENE', 'C', '1015.00', 4, 2),
(159, '2019-02-27', 'FATURA CART?O SANTANDER FEVEREIRO', 'D', '83.22', 8, 1),
(160, '2019-02-27', 'FATURA CART?O SUBMARINO FEVEREIRO', 'D', '98.10', 8, 1),
(161, '2019-02-27', 'TRANSFER?NCIA BRENO', 'D', '5.00', 17, 1),
(162, '2019-02-27', 'TRANSFER?NCIA DIEGO SOUZA', 'D', '12.50', 17, 1),
(163, '2019-02-27', 'FATURA CART?O OUROCARD FEVEREIRO', 'D', '211.23', 8, 1),
(164, '2019-02-28', 'JUROS POUPAN?A CORRENTE', 'C', '0.01', 9, 3),
(165, '2019-02-28', 'JUROS CHEQUE ESPECIAL FEVEREIRO', 'D', '5.05', 15, 1),
(166, '2019-03-01', 'CR?DITO SAL?RIO MAR?O', 'C', '1622.30', 10, 1),
(167, '2019-03-01', 'IOF CHEQUE ESPECIAL MAR?O', 'D', '1.84', 15, 1),
(168, '2019-03-01', 'IOF MAR?O', 'D', '0.14', 15, 4),
(169, '2019-03-06', 'TED SICOOB SERT?O MINAS', 'C', '1100.00', 16, 3),
(170, '2019-03-06', 'PAGAMENTO EMPRESTIMO 01/2019 01/01', 'D', '1026.62', 8, 3),
(171, '2019-03-06', 'SEGURO VIDA MAR?O', 'D', '31.19', 8, 1),
(172, '2019-03-06', 'COMPRA CART?O', 'D', '15.00', 3, 1),
(173, '2019-03-06', 'TED BRADESCO', 'D', '1100.00', 16, 1),
(174, '2019-03-06', 'SAQUE', 'D', '238.50', 12, 1),
(175, '2019-03-06', 'BOLETO VIVO PAMELA', 'D', '35.99', 8, 1),
(176, '2019-03-06', 'SUBSCRI??O CAPITAL MAR?O', 'D', '10.00', 14, 1),
(177, '2019-03-06', 'TARIFA EMISS?O DE TED', 'D', '7.80', 15, 1),
(178, '2019-03-06', 'SAQUE', 'D', '150.00', 12, 4),
(179, '2019-03-06', 'PACOTE TARIFAS MAR?O', 'D', '35.00', 15, 4),
(180, '2019-03-07', 'PACOTE TARIFAS MAR?O', 'D', '16.00', 15, 2),
(181, '2019-03-07', 'EMPRESTIMO PESSOAL 03/2019', 'C', '1333.92', 5, 3),
(182, '2019-03-07', 'TED SICOOB SERT?O MINAS', 'D', '1340.00', 16, 3),
(183, '2019-03-07', 'TARIFA EMISS?O DE TED', 'D', '10.00', 15, 3),
(184, '2019-03-07', 'TED BRADESCO', 'C', '1340.00', 16, 1),
(185, '2019-03-07', 'SAQUE', 'D', '78.00', 12, 1),
(186, '2019-03-07', 'OI FIXO FEVEREIRO', 'D', '167.15', 8, 1),
(187, '2019-03-07', 'SAQUE', 'D', '50.00', 12, 1),
(188, '2019-03-08', 'TED SICOOB SERT?O MINAS', 'C', '50.00', 16, 2),
(189, '2019-03-08', 'CHEQUE GISLENE N? 584', 'D', '600.26', 1, 2),
(190, '2019-03-08', 'COMPRA CART?O', 'D', '18.90', 3, 1),
(191, '2019-03-08', 'SAQUE', 'D', '250.00', 12, 1),
(192, '2019-03-08', 'TED BANCO DO NORDESTE', 'D', '50.00', 16, 1),
(193, '2019-03-08', 'COMPRA CART?O', 'D', '15.00', 3, 1),
(194, '2019-03-08', 'TARIFA EMISS?O DE TED', 'D', '7.80', 15, 1),
(195, '2019-03-11', 'DEP?SITO GISLENE', 'C', '590.00', 4, 2),
(196, '2019-03-11', 'CHEQUE GISLENE N? 585', 'D', '1010.68', 1, 2),
(197, '2019-03-11', 'S?CIO TORCEDOR SPFC MAR?O', 'D', '25.00', 8, 3),
(198, '2019-03-11', 'PACOTE TARIFAS MAR?O', 'D', '34.00', 15, 3),
(199, '2019-03-11', 'COMPRA CART?O', 'D', '24.00', 3, 1),
(200, '2019-03-11', 'DEP?SITO PAMELA', 'C', '150.00', 3, 1),
(201, '2019-03-11', 'DEP?SITO', 'C', '10.00', 3, 1),
(202, '2019-03-11', 'FATURA CART?O SICOOBCARD MAR?O', 'D', '810.41', 8, 1),
(203, '2019-03-11', 'CREDITO PROMOCIONAL', 'C', '3.10', 2, 1),
(204, '2019-03-12', 'TRANSFER?NCIA ALYNE', 'D', '100.00', 17, 1),
(205, '2019-03-12', 'TRANSFER?NCIA CECILIA', 'D', '186.00', 17, 1),
(206, '2019-03-13', 'EMPRESTIMO CART?O CETELEM', 'C', '642.00', 16, 3),
(207, '2019-03-13', 'TED SICOOB SERT?O MINAS', 'D', '630.00', 16, 3),
(208, '2019-03-13', 'TARIFA EMISS?O DE TED', 'D', '10.00', 15, 3),
(209, '2019-03-13', 'TED BRADESCO', 'C', '630.00', 16, 1),
(210, '2019-03-13', 'FATURA CART?O NETSHOES MAR?O', 'D', '173.85', 8, 1),
(211, '2019-03-13', 'VIVO MAR?O', 'D', '66.35', 8, 1),
(212, '2019-03-13', 'COMPRA CART?O', 'D', '28.10', 3, 1),
(213, '2019-03-13', 'VIVO MAR?O ROSA', 'D', '47.98', 8, 1),
(214, '2019-03-13', 'BOLETO CART?O WANDERSON', 'D', '289.14', 8, 1),
(215, '2019-03-13', 'DEP?SITO PAMELA', 'C', '36.00', 4, 1),
(216, '2019-03-13', 'DEP?SITO WANDERSON', 'C', '514.00', 4, 1),
(217, '2019-03-15', 'COMPRA CART?O', 'D', '15.00', 3, 1),
(218, '2019-03-15', 'PACOTE DE TARIFAS MAR?O', 'D', '8.00', 15, 1),
(219, '2019-03-18', 'TRANSFER?CIA ALYNE', 'C', '10.00', 17, 1),
(220, '2019-03-18', 'DEP?SITO', 'C', '7.66', 4, 1),
(221, '2019-03-18', 'SAQUE', 'D', '118.52', 12, 1),
(222, '2019-03-18', 'JUROS CHEQUE ESPECIAL', 'D', '1.05', 15, 4),
(223, '2019-03-25', 'COMPRA CART?O', 'D', '15.00', 3, 1),
(224, '2019-03-27', 'DEP?SITO MARISA', 'C', '700.00', 4, 1),
(225, '2019-03-27', 'COMPRA CART?O', 'D', '20.00', 3, 1),
(226, '2019-03-27', 'BENEFICIO INSS', 'C', '742.03', 2, 4),
(227, '2019-03-29', 'TED SICOOB SERT?O MINAS', 'C', '500.00', 16, 2),
(228, '2019-03-29', 'TED BANCO DO NORDESTE', 'D', '500.00', 16, 1),
(229, '2019-03-29', 'TARIFA EMISS?O DE TED', 'D', '7.80', 15, 1),
(230, '2019-03-29', 'JUROS CHEQUE ESPECIAL MAR?O', 'D', '1.33', 15, 1),
(231, '2019-04-01', 'DEP?SITO', 'C', '70.00', 4, 1),
(232, '2019-04-01', 'DEP?SITO', 'C', '400.00', 4, 1),
(233, '2019-04-01', 'IOF CHEQUE ESPECIAL ABRIL', 'D', '0.71', 15, 1),
(234, '2019-04-02', 'CHEQUE GISLENE N? 579', 'D', '497.00', 1, 2),
(235, '2019-04-02', 'COMPRA CART?O', 'D', '32.08', 3, 1),
(236, '2019-04-02', 'TRANSFER?NCIA LUIDY', 'D', '156.00', 17, 1),
(237, '2019-04-02', 'PACOTE TARIFAS ABRIL', 'D', '35.00', 15, 4),
(238, '2019-04-03', 'PACOTE TARIFAS ABRIL', 'D', '16.00', 15, 2),
(239, '2019-04-03', 'DEP?SITO', 'C', '175.00', 4, 1),
(240, '2019-04-03', 'COMPRA CART?O', 'D', '11.50', 3, 1),
(241, '2019-04-03', 'SUBSCRI??O CAPITAL ABRIL', 'D', '10.00', 14, 1),
(242, '2019-04-04', 'COMPRA CART?O', 'D', '15.00', 3, 1),
(243, '2019-04-04', 'TED BANCO ITA?', 'C', '900.00', 16, 1),
(244, '2019-04-04', 'SAQUE', 'D', '1900.00', 12, 1),
(245, '2019-04-04', 'RENDIMENTO', 'C', '0.01', 9, 4),
(246, '2019-04-04', 'TED SICOOB SERT?O MINAS', 'D', '900.00', 16, 4),
(247, '2019-04-05', 'TED SICOOB SERT?O MINAS', 'C', '100.00', 16, 2),
(248, '2019-04-05', 'TAXA EXCLUS?O CCF', 'D', '6.82', 15, 2),
(249, '2019-04-05', 'TARIFA EXTRATO', 'D', '3.00', 15, 2),
(250, '2019-04-05', 'TARIFA EXCLUS?O CCF', 'D', '53.00', 15, 2),
(251, '2019-04-05', 'TED SICOOB SERT?O MINAS', 'C', '550.00', 16, 3),
(252, '2019-04-05', 'PACOTE TARIFAS ABRIL', 'D', '1.17', 15, 3),
(253, '2019-04-05', 'PAGAMENTO EMPRESTIMO 02/2019 01/01', 'D', '552.76', 8, 3),
(254, '2019-04-05', 'CR?DITO SAL?RIO ABRIL', 'C', '1849.72', 10, 1),
(255, '2019-04-05', 'SEGURO VIDA ABRIL', 'D', '31.19', 8, 1),
(256, '2019-04-05', 'TED BANCO DO NORDESTE', 'D', '100.00', 16, 1),
(257, '2019-04-05', 'COMPRA CART?O', 'D', '18.80', 3, 1),
(258, '2019-04-05', 'OI FIXO MAR?O', 'D', '162.21', 8, 1),
(259, '2019-04-05', 'FATURA CART?O SANTANDER MAR?O', 'D', '124.39', 8, 1),
(260, '2019-04-05', 'SAQUE', 'D', '176.00', 12, 1),
(261, '2019-04-05', 'TED BRADESCO', 'D', '550.00', 16, 1),
(262, '2019-04-05', 'FATURA CART?O SUBMARINO MAR?O', 'D', '32.00', 8, 1),
(263, '2019-04-05', 'TARIFA EMISS?O DE TED', 'D', '7.80', 15, 1),
(264, '2019-04-05', 'TARIFA EMISS?O DE TED', 'D', '7.80', 15, 1),
(265, '2019-04-08', 'BOLETO VIVO PAMELA', 'D', '35.99', 8, 1),
(266, '2019-04-08', 'FATURA CART?O NETSHOES ABRIL', 'D', '75.35', 8, 1),
(267, '2019-04-09', 'TRANSFER?NCIA ALYNE', 'D', '100.00', 17, 1),
(268, '2019-04-09', 'DEP?SITO LEANDRO', 'C', '101.00', 4, 1),
(269, '2019-04-09', 'TRANSFER?NCIA CECILIA', 'D', '186.00', 17, 1),
(270, '2019-04-10', 'CREDITO PROMOCIONAL', 'C', '2.17', 2, 1),
(271, '2019-04-11', 'LIQUIDA??O CONSIGNADO', 'D', '4865.63', 8, 1),
(272, '2019-04-11', 'DEP?SITO CONSIGNADO', 'C', '7897.15', 4, 1),
(273, '2019-04-11', 'TED PATRICIA MESQUITA', 'D', '1200.00', 16, 1),
(274, '2019-04-11', 'FATURA CART?O SICOOBCARD ABRIL', 'D', '903.88', 8, 1),
(275, '2019-04-11', 'VIVO ABRIL', 'D', '66.35', 8, 1),
(276, '2019-04-11', 'VIVO ABRIL ROSA', 'D', '47.98', 8, 1),
(277, '2019-04-11', 'COMPRA CART?O', 'D', '15.00', 3, 1),
(278, '2019-04-11', 'OI FIXO ABRIL', 'D', '172.98', 8, 1),
(279, '2019-04-11', 'TARIFA EMISS?O DE TED', 'D', '7.80', 15, 1),
(280, '2019-04-12', 'SAQUE AYDIL', 'D', '44.00', 12, 1),
(281, '2019-04-12', 'SAQUE', 'D', '100.00', 12, 1),
(282, '2019-04-15', 'SAQUE', 'D', '100.00', 12, 1),
(283, '2019-04-15', 'DEP?SITO', 'C', '25.80', 4, 1),
(284, '2019-04-15', 'DEP?SITO', 'C', '6.30', 4, 1),
(285, '2019-04-15', 'VIVO ABRIL VOV? LORA', 'D', '49.99', 8, 1),
(286, '2019-04-15', 'PACOTE DE TARIFAS ABRIL', 'D', '8.00', 15, 1),
(287, '2019-04-16', 'TED KARLA JHULYA', 'D', '200.00', 16, 1),
(288, '2019-04-16', 'TARIFA EMISS?O DE TED', 'D', '7.80', 15, 1),
(289, '2019-04-17', 'BOLETO CART?O WANDERSON', 'D', '233.20', 8, 1),
(290, '2019-04-17', 'JUROS CHEQUE ESPECIAL', 'D', '8.10', 15, 4),
(291, '2019-04-18', 'COMPRA CART?O', 'D', '16.50', 3, 1),
(292, '2019-04-18', 'SEGURO CHEQUE ESPECIAL', 'D', '2.00', 13, 4),
(293, '2019-04-22', 'EMPRESTIMO PESSOAL 04/2019', 'C', '452.50', 5, 3),
(294, '2019-04-22', 'PACOTE TARIFAS ABRIL', 'D', '32.83', 15, 3),
(295, '2019-04-22', 'DEP?SITO', 'C', '2.45', 4, 1),
(296, '2019-04-22', 'COMPRA CART?O', 'D', '15.00', 3, 1),
(297, '2019-04-23', 'SAQUE', 'D', '410.00', 12, 3),
(298, '2019-04-23', 'COMPRA CART?O', 'D', '14.00', 3, 1),
(299, '2019-04-24', 'DEP?SITO', 'C', '1260.00', 4, 1),
(300, '2019-04-25', 'TED ITA? ALVINO', 'C', '700.00', 16, 2),
(301, '2019-04-25', 'TED SICOOB SERT?O MINAS', 'C', '1300.00', 16, 2),
(302, '2019-04-25', 'TED BANCO DO NORDESTE', 'D', '1300.00', 16, 1),
(303, '2019-04-25', 'TARIFA EMISS?O DE TED', 'D', '7.80', 15, 1),
(304, '2019-04-25', 'TED BANCO DO NORDESTE', 'D', '700.00', 16, 4),
(305, '2019-04-26', 'BENEFICIO INSS', 'C', '742.03', 2, 4),
(306, '2019-04-29', 'CHEQUE COMPRAS N? 588 ALVINO', 'D', '662.42', 1, 2),
(307, '2019-04-29', 'CHEQUE COMPRAS N? 588 MARISA', 'D', '1183.97', 1, 2),
(308, '2019-04-29', 'CHEQUE COMPRAS N? 588 WANDERSON', 'D', '82.05', 1, 2),
(309, '2019-04-29', 'CHEQUE COMPRAS N? 588 VANILDA', 'D', '98.00', 1, 2),
(310, '2019-04-29', 'COMPRA CART?O', 'D', '15.00', 3, 1),
(311, '2019-04-29', 'COMPRA CART?O', 'D', '29.80', 3, 1),
(312, '2019-04-30', 'JUROS CHEQUE ESPECIAL ABRIL', 'D', '0.57', 15, 1),
(313, '2019-05-02', 'PACOTE TARIFAS MAIO', 'D', '16.00', 15, 2),
(314, '2019-05-02', 'DEP?SITO', 'C', '300.00', 4, 1),
(315, '2019-05-02', 'FATURA CART?O SUBMARINO ABRIL', 'D', '141.82', 8, 1),
(316, '2019-05-02', 'FATURA CART?O SANTANDER ABRIL', 'D', '130.91', 8, 1),
(317, '2019-05-02', 'IOF CHEQUE ESPECIAL MAIO', 'D', '0.75', 15, 1),
(318, '2019-05-02', 'IOF MAIO', 'D', '3.73', 15, 4),
(319, '2019-05-03', 'TED SICOOB SERT?O MINAS', 'C', '830.00', 16, 3),
(320, '2019-05-03', 'PAGAMENTO EMPRESTIMO 03/2019 01/02', 'D', '830.02', 8, 3),
(321, '2019-05-03', 'CR?DITO SAL?RIO MAIO', 'C', '1674.50', 10, 1),
(322, '2019-05-03', 'TED BRADESCO', 'D', '830.00', 16, 1),
(323, '2019-05-03', 'FATURA CART?O OUROCARD ABRIL', 'D', '296.79', 8, 1),
(324, '2019-05-03', 'SUBSCRI??O CAPITAL MAIO', 'D', '10.00', 14, 1),
(325, '2019-05-03', 'TARIFA EMISS?O DE TED', 'D', '7.80', 15, 1),
(326, '2019-05-03', 'PACOTE TARIFAS MAIO', 'D', '35.00', 15, 4),
(327, '2019-05-03', 'TARIFA EMISS?O DE TED', 'D', '21.00', 15, 4),
(328, '2019-05-06', 'SEGURO VIDA MAIO', 'D', '31.19', 8, 1),
(329, '2019-05-06', 'SAQUE', 'D', '145.90', 12, 1),
(330, '2019-05-06', 'BOLETO VIVO PAMELA', 'D', '35.99', 8, 1),
(331, '2019-05-07', 'EMPRESTIMO PESSOAL 05/2019', 'C', '700.62', 5, 3),
(332, '2019-05-07', 'TRANSFER?NCIA ALYNE', 'D', '100.00', 17, 1),
(333, '2019-05-07', 'VIVO MAIO VOV? LORA', 'D', '49.99', 8, 1),
(334, '2019-05-07', 'BOLETO GUILHERME KESIO', 'D', '8.50', 8, 1),
(335, '2019-05-07', 'DEP?SITO PAMELA', 'C', '150.00', 4, 1),
(336, '2019-05-07', 'DEP?SITO PAMELA', 'C', '36.00', 4, 1),
(337, '2019-05-07', 'DEP?SITO VOV? LORA', 'C', '50.00', 4, 1),
(338, '2019-05-07', 'DEP?SITO GUILHERME KESIO', 'C', '8.50', 4, 1),
(339, '2019-05-07', 'DEP?SITO', 'C', '5.50', 4, 1),
(340, '2019-05-08', 'PACOTE TARIFAS MAIO', 'D', '34.00', 15, 3),
(341, '2019-05-08', 'COMPRA CART?O', 'D', '15.00', 3, 1),
(342, '2019-05-09', 'TED SICOOB SERT?O MINAS', 'D', '640.00', 16, 3),
(343, '2019-05-09', 'TARIFA EMISS?O DE TED', 'D', '10.15', 15, 3),
(344, '2019-05-09', 'COMPRA CART?O', 'D', '49.05', 3, 1),
(345, '2019-05-09', 'TED BRADESCO', 'C', '640.00', 16, 1),
(346, '2019-05-09', 'FATURA CART?O NETSHOES MAIO', 'D', '246.86', 8, 1),
(347, '2019-05-09', 'TRANSFER?NCIA CECILIA', 'D', '185.00', 17, 1),
(348, '2019-05-09', 'FATURA CART?O SICOOBCARD MAIO', 'D', '530.18', 8, 1),
(349, '2019-05-09', 'COMPRA CART?O', 'D', '55.00', 3, 1),
(350, '2019-05-10', 'S?CIO TORCEDOR SPFC MAIO', 'D', '25.00', 8, 3),
(351, '2019-05-10', 'CREDITO PROMOCIONAL', 'C', '3.41', 2, 1),
(352, '2019-05-10', 'DEP?SITO', 'C', '401.00', 17, 1),
(353, '2019-05-10', 'DEP?SITO WANDERSON', 'C', '1200.00', 4, 1),
(354, '2019-05-10', 'SAQUE', 'D', '200.00', 12, 1),
(355, '2019-05-10', 'SAQUE', 'D', '334.61', 12, 1),
(356, '2019-05-10', 'BOLETO CART?O WANDERSON', 'D', '233.20', 8, 1),
(357, '2019-05-10', 'BOLETO CART?O WANDERSON', 'D', '332.88', 8, 1),
(358, '2019-05-10', 'BOLETO CART?O WANDERSON', 'D', '233.65', 8, 1),
(359, '2019-05-10', 'VIVO MAIO', 'D', '66.29', 8, 1),
(360, '2019-05-10', 'VIVO MAIO ROSA', 'D', '47.95', 8, 1),
(361, '2019-05-10', 'SAQUE', 'D', '80.00', 12, 1),
(362, '2019-05-15', 'COMPRA CART?O', 'D', '15.00', 3, 1),
(363, '2019-05-15', 'TRANSFER?NCIA LARISSA', 'D', '20.00', 17, 1),
(364, '2019-05-15', 'SAQUE', 'D', '6.15', 12, 1),
(365, '2019-05-15', 'PACOTE DE TARIFAS MAIO', 'D', '8.00', 15, 1),
(366, '2019-05-17', 'TRANSFER?NCIA PALLOMA', 'D', '100.00', 17, 1),
(367, '2019-05-17', 'DEP?SITO PALLOMA', 'C', '100.00', 4, 1),
(368, '2019-05-17', 'JUROS CHEQUE ESPECIAL', 'D', '24.37', 15, 4),
(369, '2019-05-20', 'TED ITA? ALVINO', 'C', '680.00', 16, 2),
(370, '2019-05-20', 'CHEQUE COMPRAS N? 589 ALVINO', 'D', '683.38', 1, 2),
(371, '2019-05-20', 'COMPRA CART?O', 'D', '10.58', 3, 1),
(372, '2019-05-20', 'COMPRA CART?O', 'D', '19.56', 3, 1),
(373, '2019-05-20', 'TRANSFER?NCIA SAMARA LAYANE', 'D', '110.67', 17, 1),
(374, '2019-05-20', 'TRANSFER?NCIA THAYSA MARA', 'D', '22.80', 17, 1),
(375, '2019-05-20', 'SEGURO CHEQUE ESPECIAL', 'D', '2.00', 13, 4),
(376, '2019-05-20', 'TED BANCO DO NORDESTE', 'D', '680.00', 16, 4),
(377, '2019-05-22', 'COMPRA CART?O', 'D', '15.00', 3, 1),
(378, '2019-05-22', 'SAQUE', 'D', '94.41', 12, 1),
(379, '2019-05-24', 'SAQUE', 'D', '100.00', 12, 4),
(380, '2019-05-27', 'JUROS POUPAN?A CORRENTE', 'C', '0.06', 9, 2),
(381, '2019-05-29', 'BENEFICIO INSS', 'C', '742.03', 2, 4),
(382, '2019-05-30', 'ADIANTAMENTO F?RIAS', 'C', '2735.51', 10, 1),
(383, '2019-05-31', 'TED SICOOB SERT?O MINAS', 'C', '250.00', 16, 2),
(384, '2019-05-31', 'JUROS POUPAN?A CORRENTE', 'C', '0.01', 9, 3),
(385, '2019-05-31', '1? PARCELA 13? SALARIO', 'C', '1172.19', 10, 1),
(386, '2019-05-31', 'DEP?SITO', 'C', '1.95', 4, 1),
(387, '2019-05-31', 'SAQUE', 'D', '54.45', 12, 1),
(388, '2019-05-31', 'TED BANCO DO NORDESTE', 'D', '250.00', 16, 1),
(389, '2019-05-31', 'FATURA CART?O OUROCARD MAIO', 'D', '89.54', 8, 1),
(390, '2019-05-31', 'FATURA CART?O SANTANDER MAIO', 'D', '304.39', 8, 1),
(391, '2019-05-31', 'FATURA CART?O SUBMARINO MAIO', 'D', '485.84', 8, 1),
(392, '2019-05-31', 'OI FIXO MAIO', 'D', '178.01', 8, 1),
(393, '2019-05-31', 'TARIFA EMISS?O DE TED', 'D', '7.80', 15, 1),
(394, '2019-05-31', 'JUROS CHEQUE ESPECIAL MAIO', 'D', '8.69', 15, 1),
(395, '2019-06-03', 'PACOTE TARIFAS JUNHO', 'D', '16.00', 15, 2),
(396, '2019-06-03', 'PAGAMENTO EMPRESTIMO 04/2019 01/01', 'D', '1.13', 8, 3),
(397, '2019-06-03', 'LIQUIDA??O CONSIGNADO PARCELA', 'D', '418.27', 8, 1),
(398, '2019-06-03', 'SUBSCRI??O CAPITAL JUNHO', 'D', '10.00', 14, 1),
(399, '2019-06-03', 'IOF CHEQUE ESPECIAL JUNHO', 'D', '1.51', 15, 1),
(400, '2019-06-03', 'IOF JUNHO', 'D', '4.34', 15, 4),
(401, '2019-06-04', 'SAQUE INTERCREDIS', 'D', '290.00', 12, 1),
(402, '2019-06-04', 'TARIFA EMISS?O DE TED', 'D', '10.50', 15, 4),
(403, '2019-06-04', 'PACOTE TARIFAS JUNHO', 'D', '35.00', 15, 4),
(404, '2019-06-05', 'TED SICOOB SERT?O MINAS', 'C', '2130.00', 16, 3),
(405, '2019-06-05', 'PAGAMENTO EMPRESTIMO 04/2019 01/01', 'D', '527.24', 8, 3),
(406, '2019-06-05', 'PAGAMENTO EMPRESTIMO 05/2019 01/01', 'D', '766.63', 8, 3),
(407, '2019-06-05', 'PAGAMENTO EMPRESTIMO 03/2019 02/02', 'D', '834.83', 8, 3),
(408, '2019-06-05', 'SEGURO VIDA JUNHO', 'D', '31.19', 8, 1),
(409, '2019-06-05', 'CR?DITO SAL?RIO JUNHO', 'C', '1603.89', 10, 1),
(410, '2019-06-05', 'TED BRADESCO', 'D', '2130.00', 16, 1),
(411, '2019-06-05', 'BOLETO VIVO PAMELA', 'D', '35.99', 8, 1),
(412, '2019-06-05', 'TARIFA EMISS?O DE TED', 'D', '7.80', 15, 1),
(413, '2019-06-07', 'PACOTE TARIFAS JUNHO', 'D', '1.30', 15, 3),
(414, '2019-06-07', 'TRANSFER?NCIA ALYNE', 'D', '100.00', 17, 1),
(415, '2019-06-10', 'CREDITO PROMOCIONAL', 'C', '5.27', 2, 1),
(416, '2019-06-10', 'COMPRA CART?O', 'D', '15.00', 3, 1),
(417, '2019-06-10', 'FATURA CART?O NETSHOES JUNHO', 'D', '177.49', 8, 1),
(418, '2019-06-10', 'VIVO JUNHO', 'D', '64.98', 8, 1),
(419, '2019-06-11', 'FATURA CART?O SICOOBCARD JUNHO', 'D', '731.79', 8, 1),
(420, '2019-06-12', 'DEP?SITO WANDERSON', 'C', '800.00', 4, 1),
(421, '2019-06-12', 'DEP?SITO LEONARDO', 'C', '180.00', 4, 1),
(422, '2019-06-12', 'DEP?SITO', 'C', '10.00', 4, 1),
(423, '2019-06-12', 'BOLETO CART?O WANDERSON', 'D', '213.48', 8, 1),
(424, '2019-06-12', 'BOLETO CART?O WANDERSON', 'D', '298.83', 8, 1),
(425, '2019-06-12', 'BOLETO VIVO WANDERSON', 'D', '56.79', 8, 1),
(426, '2019-06-13', 'TED ITAU', 'D', '320.00', 16, 1),
(427, '2019-06-13', 'TARIFA EMISS?O DE TED', 'D', '7.80', 15, 1),
(428, '2019-06-13', 'TED BANCO DO NORDESTE', 'C', '320.00', 16, 4),
(429, '2019-06-17', 'PACOTE DE TARIFAS JUNHO', 'D', '8.00', 15, 1),
(430, '2019-06-17', 'VIVO JUNHO VOV? LORA', 'D', '49.99', 8, 1),
(431, '2019-06-17', 'JUROS CHEQUE ESPECIAL', 'D', '56.39', 15, 4),
(432, '2019-06-18', 'EMPRESTIMO PESSOAL 06/2019', 'C', '1800.00', 5, 3),
(433, '2019-06-18', 'PACOTE TARIFAS JUNHO', 'D', '32.70', 15, 3),
(434, '2019-06-18', 'TED SICOOB SERT?O MINAS', 'D', '1755.00', 16, 3),
(435, '2019-06-18', 'TARIFA EMISS?O DE TED', 'D', '10.15', 15, 3),
(436, '2019-06-18', 'TED BRADESCO', 'C', '1755.00', 16, 1),
(437, '2019-06-18', 'TRANSFER?NCIA SAMARA LAYANE', 'D', '110.67', 17, 1),
(438, '2019-06-18', 'SEGURO CHEQUE ESPECIAL', 'D', '2.47', 13, 4),
(439, '2019-06-21', 'VIVO JUNHO ROSA', 'D', '46.99', 8, 1),
(440, '2019-06-21', 'SAQUE', 'D', '204.07', 12, 1),
(441, '2019-06-24', 'TED SICOOB SERT?O MINAS', 'C', '605.00', 16, 2),
(442, '2019-06-24', 'TED BANCO DO NORDESTE', 'D', '605.00', 16, 1),
(443, '2019-06-24', 'COMPRA CART?O', 'D', '48.50', 3, 1),
(444, '2019-06-24', 'TARIFA EMISS?O DE TED', 'D', '7.80', 15, 1),
(445, '2019-06-25', 'FATURA CART?O OUROCARD JUNHO', 'D', '39.17', 8, 1),
(446, '2019-06-25', 'FATURA CART?O SANTANDER JUNHO', 'D', '98.43', 8, 1),
(447, '2019-06-26', 'BENEFICIO INSS', 'C', '742.03', 2, 4),
(448, '2019-06-28', 'JUROS CHEQUE ESPECIAL JUNHO', 'D', '1.73', 15, 1),
(449, '2019-07-01', 'IOF CHEQUE ESPECIAL JULHO', 'D', '1.17', 15, 1),
(450, '2019-07-01', 'IOF JULHO', 'D', '0.68', 15, 4),
(451, '2019-07-02', 'PACOTE TARIFAS JULHO', 'D', '35.00', 15, 4),
(452, '2019-07-03', 'SUBSCRI??O CAPITAL JULHO', 'D', '10.00', 14, 1),
(453, '2019-07-04', 'DEPOSITO', 'C', '201.00', 4, 1),
(454, '2019-07-05', 'PACOTE TARIFAS JULHO', 'D', '2.15', 15, 3),
(455, '2019-07-05', 'SEGURO VIDA JULHO', 'D', '31.19', 8, 1),
(456, '2019-07-05', 'CR?DITO SAL?RIO JULHO', 'C', '160.79', 10, 1),
(457, '2019-07-05', 'SAQUE', 'D', '48.90', 12, 1),
(458, '2019-07-05', 'SAQUE', 'D', '100.00', 12, 1),
(459, '2019-07-05', 'BOLETO VIVO PAMELA', 'D', '35.99', 8, 1),
(460, '2019-07-08', 'FATURA CART?O NETSHOES JULHO', 'D', '117.11', 8, 1),
(461, '2019-07-08', 'COMPRA CART?O', 'D', '34.85', 3, 1),
(462, '2019-07-09', 'TRANSFER?NCIA ALYNE', 'D', '100.00', 17, 1),
(463, '2019-07-10', 'CREDITO PROMOCIONAL', 'C', '3.41', 2, 1),
(464, '2019-07-11', 'TED ITAU', 'C', '650.00', 16, 1),
(465, '2019-07-11', 'FATURA CART?O SICOOBCARD JULHO', 'D', '831.08', 8, 1),
(466, '2019-07-11', 'COMPRA CART?O', 'D', '15.00', 3, 1),
(467, '2019-07-11', 'OI FIXO JULHO', 'D', '120.60', 8, 1),
(468, '2019-07-11', 'TED SICOOB SERT?O MINAS', 'D', '650.00', 16, 4),
(469, '2019-07-11', 'RENDIMENTO', 'C', '0.02', 9, 4),
(470, '2019-07-12', 'BOLETO CART?O WANDERSON', 'D', '238.75', 8, 1),
(471, '2019-07-15', 'DEP?SITO', 'C', '630.00', 4, 1),
(472, '2019-07-15', 'VIVO JULHO VOV? LORA', 'D', '49.99', 8, 1),
(473, '2019-07-15', 'BOLETO CART?O WANDERSON', 'D', '150.68', 8, 1),
(474, '2019-07-15', 'PACOTE DE TARIFAS JULHO', 'D', '8.00', 15, 1),
(475, '2019-07-16', 'COMPRA CART?O', 'D', '37.00', 3, 1),
(476, '2019-07-17', 'VIVO JULHO ROSA', 'D', '48.10', 8, 1),
(477, '2019-07-17', 'JUROS CHEQUE ESPECIAL', 'D', '1.59', 15, 4),
(478, '2019-07-18', 'OI FIXO JUNHO', 'D', '168.04', 8, 1),
(479, '2019-07-19', 'TRANSFER?NCIA BRENO', 'C', '3.00', 17, 1),
(480, '2019-07-19', 'BOLETO RAPHAEL', 'D', '250.00', 8, 1),
(481, '2019-07-23', 'DEP?SITO', 'C', '1.90', 4, 1),
(482, '2019-07-23', 'SAQUE', 'D', '150.00', 12, 4),
(483, '2019-07-29', 'DEP?SITO', 'C', '500.00', 4, 1),
(484, '2019-07-29', 'FATURA CART?O SUBMARINO JULHO', 'D', '206.00', 8, 1),
(485, '2019-07-29', 'SAQUE', 'D', '500.00', 12, 4),
(486, '2019-07-29', 'BENEFICIO INSS', 'C', '742.03', 2, 4),
(487, '2019-07-31', 'JUROS CHEQUE ESPECIAL JULHO', 'D', '10.47', 15, 1),
(488, '2019-08-01', 'SAQUE', 'D', '100.00', 12, 1),
(489, '2019-08-01', 'DEP?SITO', 'C', '100.00', 4, 1),
(490, '2019-08-01', 'TRANSFER?NCIA ALYNE', 'D', '100.00', 17, 1),
(491, '2019-08-01', 'IOF CHEQUE ESPECIAL AGOSTO', 'D', '2.16', 15, 1),
(492, '2019-08-01', 'IOF AGOSTO', 'D', '0.61', 15, 4),
(493, '2019-08-02', 'TARIFA EMISS?O DE TED', 'D', '10.50', 15, 4),
(494, '2019-08-02', 'PACOTE TARIFAS AGOSTO', 'D', '35.00', 15, 4),
(495, '2019-08-05', 'TED SICOOB SERT?O MINAS', 'C', '1123.00', 16, 3),
(496, '2019-08-05', 'PACOTE TARIFAS JULHO', 'D', '31.85', 15, 3),
(497, '2019-08-05', 'PAGAMENTO EMPRESTIMO 06/2019 01/02', 'D', '1090.23', 8, 3),
(498, '2019-08-05', 'SEGURO VIDA AGOSTO', 'D', '31.19', 8, 1),
(499, '2019-08-05', 'CR?DITO SAL?RIO AGOSTO', 'C', '1433.99', 10, 1),
(500, '2019-08-05', 'TED BRADESCO', 'D', '1123.00', 16, 1),
(501, '2019-08-05', 'SAQUE', 'D', '40.85', 12, 1),
(502, '2019-08-05', 'SUBSCRI??O CAPITAL AGOSTO', 'D', '10.00', 14, 1),
(503, '2019-08-05', 'TARIFA EMISS?O DE TED', 'D', '7.80', 15, 1),
(504, '2019-08-06', 'EMPRESTIMO PESSOAL 07/2019', 'C', '803.23', 5, 3),
(505, '2019-08-06', 'BOLETO VIVO PAMELA', 'D', '35.99', 8, 1),
(506, '2019-08-06', 'TRANSFER?NCIA CECILIA', 'D', '144.00', 17, 1),
(507, '2019-08-07', 'PACOTE TARIFAS AGOSTO', 'D', '34.00', 15, 3),
(508, '2019-08-07', 'TED SICOOB SERT?O MINAS', 'D', '760.00', 16, 3),
(509, '2019-08-07', 'TARIFA EMISS?O DE TED', 'D', '10.15', 15, 3),
(510, '2019-08-07', 'TED BRADESCO', 'C', '760.00', 16, 1),
(511, '2019-08-07', 'TRANSFER?NCIA ALYNE', 'D', '100.00', 17, 1),
(512, '2019-08-07', 'TRANSFER?NCIA DIEGO SOUZA', 'D', '114.58', 17, 1),
(513, '2019-08-08', 'SAQUE', 'D', '570.00', 12, 1),
(514, '2019-08-09', 'DEP?SITO', 'C', '500.00', 4, 1),
(515, '2019-08-09', 'TRANSFER?NCIA SAMUEL', 'C', '5.00', 17, 1),
(516, '2019-08-09', 'FATURA CART?O NETSHOES AGOSTO', 'D', '32.98', 8, 1),
(517, '2019-08-12', 'CREDITO PROMOCIONAL', 'C', '3.41', 2, 1),
(518, '2019-08-12', 'DEP?SITO WANDERSON', 'C', '890.00', 4, 1),
(519, '2019-08-12', 'BOLETO CART?O WANDERSON', 'D', '238.75', 8, 1),
(520, '2019-08-12', 'BOLETO CART?O WANDERSON', 'D', '146.00', 8, 1),
(521, '2019-08-12', 'BOLETO CART?O WANDERSON', 'D', '173.64', 8, 1),
(522, '2019-08-12', 'FATURA CART?O SICOOBCARD AGOSTO', 'D', '828.04', 8, 1),
(523, '2019-08-12', 'CHEQUE CRISTINA', 'C', '470.03', 8, 1),
(524, '2019-08-14', 'VIVO WANDERSON', 'D', '55.37', 8, 1),
(525, '2019-08-14', 'VIVO AGOSTO VOV? LORA', 'D', '49.99', 8, 1),
(526, '2019-08-14', 'CR?DITO CONIGNADO', 'C', '1881.29', 2, 4),
(527, '2019-08-15', 'PACOTE DE TARIFAS AGOSTO', 'D', '8.00', 15, 1),
(528, '2019-08-16', 'DEP?SITO', 'C', '400.00', 4, 1),
(529, '2019-08-16', 'OI FIXO AGOSTO', 'D', '224.83', 8, 1),
(530, '2019-08-16', 'TRANSFER?NCIA ROBERTA SIEGA', 'D', '100.00', 17, 1),
(531, '2019-08-19', 'SAQUE', 'D', '400.00', 12, 1),
(532, '2019-08-19', 'SAQUE', 'D', '125.76', 12, 1),
(533, '2019-08-19', 'JUROS CHEQUE ESPECIAL', 'D', '2.96', 15, 4),
(534, '2019-08-22', 'VIVO AGOSTO ROSA', 'D', '48.04', 8, 1),
(535, '2019-08-23', 'SAQUE', 'D', '50.00', 12, 4),
(536, '2019-08-28', 'BENEFICIO INSS', 'C', '1497.00', 2, 4),
(537, '2019-08-29', 'DEP?SITO', 'C', '450.00', 4, 1),
(538, '2019-08-29', 'FATURA CART?O SANTANDER AGOSTO', 'D', '97.23', 8, 1),
(539, '2019-08-29', 'FATURA CART?O OUROCARD AGOSTO', 'D', '74.98', 8, 1),
(540, '2019-08-29', 'SAQUE', 'D', '500.00', 12, 4),
(541, '2019-08-29', 'RENDIMENTO', 'C', '0.01', 9, 4),
(542, '2019-08-30', 'COMPRA CART?O', 'D', '12.80', 3, 1),
(543, '2019-08-30', 'JUROS CHEQUE ESPECIAL AGOSTO', 'D', '8.66', 15, 1),
(544, '2019-09-02', 'SAQUE', 'D', '50.00', 12, 1),
(545, '2019-09-02', 'IOF CHEQUE ESPECIAL SETEMBRO', 'D', '2.12', 15, 1),
(546, '2019-09-03', 'SAQUE', 'D', '230.00', 12, 1),
(547, '2019-09-03', 'SUBSCRI??O CAPITAL SETEMBRO', 'D', '10.00', 14, 1),
(548, '2019-09-03', 'PACOTE TARIFAS SETEMBRO', 'D', '37.00', 15, 4),
(549, '2019-09-05', 'TED ITAU ALVINO', 'C', '1091.00', 16, 3),
(550, '2019-09-05', 'PAGAMENTO EMPRESTIMO 06/2019 01/02', 'D', '1090.23', 8, 3),
(551, '2019-09-05', 'PACOTE TARIFAS SETEMBRO', 'D', '34.00', 15, 3),
(552, '2019-09-05', 'SEGURO VIDA SETEMBRO', 'D', '31.19', 8, 1),
(553, '2019-09-05', 'CR?DITO SAL?RIO SETEMBRO', 'C', '1536.53', 10, 1),
(554, '2019-09-05', 'SAQUE', 'D', '100.00', 12, 1),
(555, '2019-09-05', 'TRANSFER?NCIA ALYNE', 'D', '100.00', 17, 1),
(556, '2019-09-05', 'TRANSFER?NCIA ALYNE', 'D', '100.00', 17, 1),
(557, '2019-09-05', 'TRANSFER?NCIA ALYNE', 'D', '22.74', 17, 1),
(558, '2019-09-05', 'TRANSFER?NCIA CECILIA', 'D', '144.00', 17, 1),
(559, '2019-09-05', 'FATURA CART?O SUBMARINO AGOSTO', 'D', '243.09', 8, 1),
(560, '2019-09-05', 'TRANSFER?NCIA PEDRO', 'D', '40.00', 17, 1),
(561, '2019-09-05', 'TED BRADESCO', 'D', '1091.00', 16, 4),
(562, '2019-09-05', 'RENDIMENTO', 'C', '0.04', 9, 4),
(563, '2019-09-06', 'BOLETO VIVO PAMELA', 'D', '35.99', 8, 1),
(564, '2019-09-09', 'COMPRA CART?O', 'D', '32.17', 3, 1),
(565, '2019-09-09', 'FATURA CART?O NETSHOES SETEMBRO', 'D', '100.00', 8, 1),
(566, '2019-09-10', 'CREDITO PROMOCIONAL', 'C', '3.72', 2, 1),
(567, '2019-09-10', 'OI FIXO SETEMBRO', 'D', '233.64', 8, 1),
(568, '2019-09-10', 'DEP?SITO', 'C', '210.00', 4, 1),
(569, '2019-09-11', 'EMPRESTIMO PESSOAL 08/2019', 'C', '989.70', 5, 3),
(570, '2019-09-11', 'FATURA CART?O SICOOBCARD SETEMBRO', 'D', '804.03', 8, 3),
(571, '2019-09-11', 'OI FIXO SETEMBRO', 'D', '43.25', 8, 1),
(572, '2019-09-12', 'DEP?SITO WANDERSON', 'C', '800.00', 12, 1),
(573, '2019-09-12', 'SAQUE', 'D', '210.00', 12, 1),
(574, '2019-09-12', 'BOLETO CART?O WANDERSON', 'D', '263.56', 8, 1),
(575, '2019-09-12', 'BOLETO CART?O WANDERSON', 'D', '466.30', 8, 1),
(576, '2019-09-12', 'BOLETO CART?O WANDERSON', 'D', '218.81', 8, 1),
(577, '2019-09-12', 'VIVO WANDERSON', 'D', '55.35', 8, 1),
(578, '2019-09-13', 'SAQUE', 'D', '150.00', 12, 3),
(579, '2019-09-13', 'VIVO SETEMBRO ROSA', 'D', '48.12', 8, 1),
(580, '2019-09-13', 'DEP?SITO WANDERSON', 'C', '362.00', 4, 1),
(581, '2019-09-13', 'DEP?SITO', 'C', '38.00', 4, 1),
(582, '2019-09-13', 'TED RECEITA FEDERAL', 'C', '75.43', 16, 1),
(583, '2019-09-16', 'VIVO SETEMBRO VOV? LORA', 'D', '49.99', 8, 1),
(584, '2019-09-16', 'PACOTE DE TARIFAS SETEMBRO', 'D', '8.00', 15, 1),
(585, '2019-09-17', 'COMPRA CART?O', 'D', '13.30', 3, 1),
(586, '2019-09-20', 'COMPRA CART?O', 'D', '13.30', 3, 1),
(587, '2019-09-20', 'DEP?SITO', 'C', '10.32', 4, 1),
(588, '2019-09-23', 'TRANSFER?NCIA WANDERSON', 'D', '138.00', 17, 1),
(589, '2019-09-23', 'SAQUE', 'D', '20.00', 12, 1),
(590, '2019-09-25', 'FATURA CART?O SANTANDER SETEMBRO', 'D', '158.74', 8, 1),
(591, '2019-09-26', 'DEP?SITO', 'C', '500.00', 4, 1),
(592, '2019-09-26', 'FATURA CART?O SUBMARINO SETEMBRO', 'D', '263.24', 8, 1),
(593, '2019-09-26', 'FATURA CART?O OUROCARD SETEMBRO', 'D', '37.19', 8, 1),
(594, '2019-09-26', 'SAQUE', 'D', '500.00', 12, 4),
(595, '2019-09-26', 'BENEFICIO INSS', 'C', '742.00', 2, 4),
(596, '2019-09-27', 'DEP?SITO LEANDRO', 'C', '90.00', 4, 1),
(597, '2019-10-01', 'DEP?SITO', 'C', '150.00', 4, 1),
(598, '2019-10-01', 'BOLETO VIVO PAMELA', 'D', '39.99', 8, 1),
(599, '2019-10-01', 'IOF CHEQUE ESPECIAL OUTUBRO', 'D', '2.34', 15, 1),
(600, '2019-10-01', 'JUROS CHEQUE ESPECIAL SETEMBRO', 'D', '2.76', 15, 1),
(601, '2019-10-01', 'TARIFA EMISS?O DE TED', 'D', '10.50', 15, 4),
(602, '2019-10-02', 'PACOTE TARIFAS OUTUBRO', 'D', '37.00', 15, 4),
(603, '2019-10-03', 'SUBSCRI??O CAPITAL OUTUBRO', 'D', '10.00', 14, 1),
(604, '2019-10-04', 'CR?DITO SAL?RIO OUTUBRO', 'C', '1535.00', 10, 1),
(605, '2019-10-04', 'SAQUE', 'D', '200.00', 12, 1);

-- --------------------------------------------------------

--
-- Estrutura da tabela `outro_pagamento`
--

CREATE TABLE `outro_pagamento` (
  `Id_OutroPagamento` int(11) NOT NULL,
  `Descricao_OutroPagamento` varchar(255) COLLATE utf8_unicode_ci DEFAULT NULL,
  `Pagamento_OutroPagamento` date DEFAULT NULL,
  `Valor_OutroPagamento` decimal(19,2) DEFAULT NULL,
  `Contato_OutroPagamento_Id_Contato` int(11) NOT NULL,
  `Forma_OutroPagamento_Id_FormaPagamento` int(11) NOT NULL
) ENGINE=InnoDB DEFAULT CHARSET=utf8 COLLATE=utf8_unicode_ci;

--
-- Extraindo dados da tabela `outro_pagamento`
--

INSERT INTO `outro_pagamento` (`Id_OutroPagamento`, `Descricao_OutroPagamento`, `Pagamento_OutroPagamento`, `Valor_OutroPagamento`, `Contato_OutroPagamento_Id_Contato`, `Forma_OutroPagamento_Id_FormaPagamento`) VALUES
(1, 'CHEQUE N? 567', '2019-01-02', '126.33', 121, 6),
(2, 'CHEQUE N? 567', '2019-01-02', '126.33', 72, 6),
(3, 'PACOTE TARIFAS JANEIRO', '2019-01-03', '34.00', 3, 8),
(4, 'BOLETO VIVO JANEIRO', '2019-01-04', '49.99', 86, 12),
(5, 'CHEQUEN? 577', '2019-01-07', '861.82', 61, 6),
(6, 'PASSAGEM SANTA HELENA', '2019-01-08', '100.00', 3, 8),
(7, 'COMISS?ES JANEIRO', '2019-01-08', '42.33', 103, 13),
(8, 'LANCHE ESTA??O', '2019-01-14', '2.50', 4, 8),
(9, 'LANCHE ESTA??O', '2019-01-15', '6.00', 101, 8),
(10, 'LANCHE ESTA??O', '2019-01-15', '2.00', 4, 8),
(11, 'BOLETO VIVO JANEIRO', '2019-01-17', '36.66', 26, 12),
(12, 'PRESENTE KETLIN', '2019-01-18', '50.00', 3, 8),
(13, 'CERVEJA ANIVERS?RIO KETLIN', '2019-01-19', '20.00', 3, 8),
(14, 'CONTA SAAE DEZEMBRO', '2019-01-21', '42.34', 98, 8),
(15, 'CHEQUEN? 571', '2019-01-25', '622.00', 61, 6),
(16, 'CHEQUEN? 581', '2019-01-25', '1010.68', 61, 6),
(17, 'CHEQUEN? 578', '2019-01-28', '250.00', 61, 6),
(18, 'CHEQUE COMPRAS N? 580', '2019-01-28', '217.21', 118, 6),
(19, 'CHEQUE COMPRAS N? 580', '2019-01-28', '265.65', 121, 6),
(20, 'CHEQUE COMPRAS N? 580', '2019-01-28', '736.69', 3, 6),
(21, 'CHEQUE COMPRAS N? 580', '2019-01-28', '1487.43', 75, 6),
(22, 'PULVERIZADOR WANDERSON 04/04 02/04', '2019-01-28', '8.43', 121, 3),
(23, 'SECADOR PAMELA 04/04 02/04', '2019-01-28', '11.81', 86, 3),
(24, 'SHAMPOO CASSIA 04/04 02/04', '2019-01-28', '7.28', 31, 3),
(25, 'T?NIS KETLIN 02/02 02/04', '2019-01-28', '9.85', 121, 3),
(26, 'CHEQUE N? 568', '2019-02-01', '126.33', 121, 6),
(27, 'CHEQUE N? 568', '2019-02-01', '126.33', 72, 6),
(28, 'DEP?SITO', '2019-02-05', '300.00', 72, 8),
(29, 'DEP?SITO', '2019-02-05', '20.00', 4, 13),
(30, 'DEP?SITO', '2019-02-05', '270.00', 88, 8),
(31, 'LASER WANDERSON 01/04', '2019-02-05', '81.28', 121, 3),
(32, 'LASER WANDERSON 02/04', '2019-02-05', '81.27', 121, 3),
(33, 'BOLETO VIVO FEVEREIRO', '2019-02-05', '49.99', 86, 12),
(34, 'PACOTE TARIFAS FEVEREIRO', '2019-02-05', '34.00', 3, 8),
(35, 'COMISS?ES FEVEREIRO', '2019-02-05', '68.98', 103, 13),
(36, 'CELULAR PAMELA 01/10', '2019-02-11', '150.00', 86, 4),
(37, 'ROUPA BRUNA 01/01', '2019-02-11', '209.00', 26, 4),
(38, 'EMPRESTIMO', '2019-02-12', '20.00', 4, 13),
(39, 'PASSAGEM SANTA HELENA', '2019-02-12', '100.00', 3, 8),
(40, 'CHEQUE N? 582', '2019-02-18', '210.25', 121, 6),
(41, 'CHEQUE COMPRAS N? 583', '2019-02-20', '1432.11', 75, 6),
(42, 'CHEQUE COMPRAS N? 583', '2019-02-20', '689.15', 3, 6),
(43, 'PULVERIZADOR WANDERSON 04/04 02/04', '2019-02-27', '8.43', 121, 3),
(44, 'SECADOR PAMELA 04/04 02/04', '2019-02-27', '11.81', 86, 3),
(45, 'SHAMPOO CASSIA 04/04 02/04', '2019-02-27', '7.28', 31, 3),
(46, 'T?NIS KETLIN 02/02 02/04', '2019-02-27', '9.85', 121, 3),
(47, 'LASER WANDERSON 03/04', '2019-02-27', '81.27', 121, 3),
(48, 'LANCHE', '2019-02-27', '5.00', 24, 13),
(49, 'COMISS?O MAR?O', '2019-03-06', '119.25', 2, 13),
(50, 'COMISS?O MAR?O', '2019-03-06', '119.25', 104, 13),
(51, 'BOLETO VIVO MAR?O', '2019-03-06', '35.99', 86, 12),
(52, 'PACOTE TARIFAS MAR?O', '2019-03-06', '35.00', 3, 8),
(53, 'CHEQUEN? 584', '2019-03-08', '600.26', 61, 6),
(54, 'REM?DIO CAVERDINOL', '2019-03-08', '18.90', 3, 8),
(55, 'AREIA CONSTRU??O', '2019-03-08', '130.00', 3, 8),
(56, 'CHEQUE N? 585', '2019-03-11', '1010.68', 61, 6),
(57, 'COMPRA FUMO', '2019-03-11', '10.00', 3, 8),
(58, 'ROUPAS CECILIA 01/03', '2019-03-12', '134.66', 72, 8),
(59, 'BOLETO CART?O', '2019-03-13', '289.14', 121, 8),
(60, 'LANCHE ESTA??O', '2019-03-18', '10.00', 4, 13),
(61, 'TROCO COSTURA', '2019-03-20', '20.00', 98, 13),
(62, 'CHEQUEN? 579', '2019-04-02', '497.00', 61, 6),
(63, 'BOLETO', '2019-04-02', '156.00', 74, 13),
(64, 'PACOTE TARIFAS ABRIL', '2019-04-02', '35.00', 3, 8),
(65, 'CHEQUE COMPRAS N? 586', '2019-04-04', '1279.86', 75, 6),
(66, 'CHEQUE COMPRAS N? 586', '2019-04-04', '499.30', 3, 6),
(67, 'CHEQUE COMPRAS N? 586', '2019-04-04', '73.00', 61, 6),
(68, 'CHEQUE COMPRAS N? 586', '2019-04-04', '83.50', 118, 6),
(69, 'COMISS?O ABRIL', '2019-04-05', '88.08', 2, 13),
(70, 'COMISS?O ABRIL', '2019-04-05', '88.08', 104, 13),
(71, 'PULVERIZADOR WANDERSON 04/04 03/04', '2019-04-05', '8.43', 121, 3),
(72, 'SECADOR PAMELA 04/04 03/04', '2019-04-05', '11.81', 86, 3),
(73, 'SHAMPOO CASSIA 04/04 03/04', '2019-04-05', '7.28', 31, 3),
(74, 'T?NIS KETLIN 02/02 03/04', '2019-04-05', '9.85', 121, 3),
(75, 'BOLETO VIVO ABRIL', '2019-04-08', '35.99', 86, 12),
(76, 'ROUPAS CECILIA 02/03', '2019-04-09', '134.66', 72, 8),
(77, 'EMPRESTIMO', '2019-04-11', '1200.00', 87, 13),
(78, 'EMPRESTIMO FUTEBOL', '2019-04-13', '10.00', 69, 13),
(79, 'BOLETO ESCOLA KETLIN', '2019-04-14', '274.20', 121, 8),
(80, 'BOLETO VIVO ABRIL', '2019-04-15', '49.99', 120, 12),
(81, 'TED KARLA JHULYA', '2019-04-16', '200.00', 98, 13),
(82, 'BOLETO CART?O', '2019-04-17', '233.20', 121, 8),
(83, 'CHEQUE COMPRAS N? 588', '2019-04-29', '662.42', 3, 6),
(84, 'CHEQUE COMPRAS N? 588', '2019-04-29', '1183.97', 75, 6),
(85, 'CHEQUE COMPRAS N? 588', '2019-04-29', '82.05', 121, 6),
(86, 'CHEQUE COMPRAS N? 588', '2019-04-29', '98.00', 118, 6),
(87, 'PULVERIZADOR WANDERSON 04/04 04/04', '2019-05-02', '8.44', 121, 3),
(88, 'SECADOR PAMELA 04/04 04/04', '2019-05-02', '11.81', 86, 3),
(89, 'SHAMPOO CASSIA 04/04 04/04', '2019-05-02', '7.28', 31, 3),
(90, 'T?NIS KETLIN 02/02 04/04', '2019-05-02', '9.85', 121, 3),
(91, 'PACOTE TARIFAS MAIO', '2019-05-03', '35.00', 3, 8),
(92, 'LASER WANDERSON 04/04', '2019-05-03', '81.27', 121, 3),
(93, 'COMISS?O MAIO', '2019-05-06', '72.95', 2, 13),
(94, 'COMISS?O MAIO', '2019-05-06', '72.95', 104, 13),
(95, 'BOLETO VIVO MAIO', '2019-05-06', '35.99', 86, 12),
(96, 'BOLETO VIVO MAIO', '2019-05-07', '49.99', 120, 12),
(97, 'BOLETO CART?O', '2019-05-07', '8.50', 66, 12),
(98, 'ROUPAS CECILIA 03/03', '2019-05-09', '134.66', 72, 8),
(99, 'BOLETO CART?O', '2019-05-10', '233.20', 121, 8),
(100, 'BOLETO CART?O', '2019-05-10', '332.88', 121, 8),
(101, 'BOLETO CART?O', '2019-05-10', '233.65', 121, 8),
(102, 'BOLETO ESCOLA KETLIN', '2019-05-10', '279.26', 121, 8),
(103, 'BOLETO VIVO MAIO', '2019-05-10', '55.35', 121, 8),
(104, 'EMPRESTIMO', '2019-05-17', '100.00', 85, 8),
(105, 'CHEQUE COMPRAS N? 589', '2019-05-20', '683.38', 3, 6),
(106, 'COMISS?O JUNHO', '2019-05-31', '54.45', 2, 13),
(107, 'FIOS WANDERSON 01/03', '2019-05-31', '92.54', 121, 3),
(108, 'PACOTE TARIFAS JUNHO', '2019-06-04', '35.00', 3, 8),
(109, 'EMPRESTIMO', '2019-06-04', '180.00', 73, 13),
(110, 'BOLETO VIVO JUNHO', '2019-06-05', '35.99', 86, 12),
(111, 'BOLETO CART?O', '2019-06-12', '213.48', 121, 8),
(112, 'BOLETO CART?O', '2019-06-12', '298.83', 121, 8),
(113, 'BOLETO VIVO JUNHO', '2019-06-12', '56.79', 121, 8),
(114, 'BOLETO ESCOLA KETLIN', '2019-06-12', '274.20', 121, 8),
(115, 'BOLETO VIVO JUNHO', '2019-06-17', '49.99', 120, 12),
(116, 'PACOTE TARIFAS JULHO', '2019-07-02', '35.00', 3, 8),
(117, 'COMISS?O JULHO', '2019-07-05', '48.90', 2, 13),
(118, 'BOLETO VIVO JULHO', '2019-07-05', '35.99', 86, 12),
(119, 'BOLETO CART?O', '2019-07-12', '238.75', 121, 8),
(120, 'BOLETO ESCOLA KETLIN', '2019-07-12', '210.00', 121, 8),
(121, 'BOLETO BRASILCARD 1', '2019-07-15', '150.68', 121, 8),
(122, 'BOLETO VIVO JULHO', '2019-07-15', '49.99', 120, 8),
(123, 'BOLETO VIVO JULHO', '2019-07-17', '48.10', 98, 8),
(124, 'LANCHE', '2019-07-19', '3.00', 24, 13),
(125, 'BOLETO', '2019-07-19', '250.00', 122, 8),
(126, 'EMPRESTIMO', '2019-08-01', '100.00', 4, 13),
(127, 'PACOTE TARIFAS AGOSTO', '2019-08-02', '35.00', 3, 8),
(128, 'COMISS?O AGOSTO', '2019-08-05', '40.85', 2, 13),
(129, 'BOLETO VIVO AGOSTO', '2019-08-06', '35.99', 86, 12),
(130, 'EMPRESTIMO', '2019-08-06', '100.00', 73, 13),
(131, 'VIAGEM FAZENDA', '2019-08-07', '57.29', 62, 13),
(132, 'CHEQUE', '2019-08-09', '470.00', 38, 6),
(133, 'LANCHE', '2019-08-09', '5.00', 104, 13),
(134, 'BOLETO ESCOLA KETLIN', '2019-08-12', '210.00', 121, 8),
(135, 'BOLETO BRASILCARD 1', '2019-08-12', '238.75', 121, 8),
(136, 'BOLETO BRASILCARD 2', '2019-08-12', '146.00', 121, 8),
(137, 'BOLETO CART?O', '2019-08-12', '173.64', 121, 8),
(138, 'BOLETO VIVO', '2019-08-14', '55.37', 121, 8),
(139, 'BOLETO VIVO AGOSTO', '2019-08-14', '49.99', 120, 8),
(140, 'BOLETO VIVO AGOSTO', '2019-08-22', '48.04', 98, 8),
(141, 'PACOTE TARIFAS SETEMBRO', '2019-09-03', '37.00', 3, 8),
(142, 'CANECA GE?SA', '2019-09-05', '20.00', 62, 8),
(143, 'EMPRESTIMO', '2019-09-05', '100.00', 4, 13),
(144, 'ENVIO CORREIO KARLA JHULYA', '2019-09-05', '30.20', 98, 8),
(145, 'BOLETO VIVO SETEMBRO', '2019-09-06', '35.99', 86, 12),
(146, 'COMPRAS AGOSTO', '2019-09-09', '49.27', 3, 4),
(147, 'BOLETO ESCOLA KETLIN', '2019-09-12', '210.00', 121, 8),
(148, 'BOLETO BRASILCARD 1', '2019-09-12', '263.56', 121, 8),
(149, 'BOLETO BRASILCARD 2', '2019-09-12', '466.30', 121, 8),
(150, 'BOLETO SANTANDER', '2019-09-12', '218.81', 121, 8),
(151, 'BOLETO VIVO', '2019-09-12', '55.35', 121, 8),
(152, 'BOLETO VIVO SETEMBRO', '2019-09-13', '48.12', 98, 8),
(153, 'BOLETO VIVO SETEMBRO', '2019-09-16', '49.99', 120, 8),
(154, 'ENERGIA ELETRICA SETEMBRO', '2019-09-20', '90.00', 72, 8),
(155, 'BOLETO VIVO OUTUBRO', '2019-10-01', '39.99', 86, 12),
(156, 'PACOTE TARIFAS ALVINO', '2019-10-02', '37.00', 3, 8),
(157, 'BOLSA E IDENTIDADE', '2019-10-07', '300.00', 3, 8),
(158, 'CELULAR PAMELA 02/10', '2019-03-11', '150.00', 86, 4);

-- --------------------------------------------------------

--
-- Estrutura da tabela `recebimento`
--

CREATE TABLE `recebimento` (
  `Id_Recebimento` int(11) NOT NULL,
  `Data_Recebimento` date DEFAULT NULL,
  `Descricao_Recebimento` varchar(255) COLLATE utf8_unicode_ci DEFAULT NULL,
  `Valor_Recebimento` decimal(19,2) DEFAULT NULL,
  `Contato_Recebimento_Id_Contato` int(11) NOT NULL
) ENGINE=InnoDB DEFAULT CHARSET=utf8 COLLATE=utf8_unicode_ci;

--
-- Extraindo dados da tabela `recebimento`
--

INSERT INTO `recebimento` (`Id_Recebimento`, `Data_Recebimento`, `Descricao_Recebimento`, `Valor_Recebimento`, `Contato_Recebimento_Id_Contato`) VALUES
(1, '2019-01-01', 'SALDO BANCO DO NORDESTE', '56.90', 123),
(2, '2019-01-01', 'SALDO BANCO DO BRADESCO', '3.59', 123),
(4, '2019-01-01', 'SALDO NUBANK', '1.33', 123),
(5, '2019-01-01', 'SALDO BANCO ITA?', '670.05', 3),
(6, '2019-01-01', 'SALDO EM M?OS', '159.00', 123),
(7, '2019-01-01', 'RENDIMENTO ITA?', '0.01', 3),
(8, '2019-01-04', 'SAL?RIO JANEIRO', '1617.53', 123),
(9, '2019-01-04', 'ANU?NIO JANEIRO', '67.20', 123),
(10, '2019-01-04', 'COMISS?O JANEIRO', '51.19', 123),
(11, '2019-01-04', 'COMISS?O JANEIRO', '42.33', 103),
(12, '2019-01-05', 'CONTA VIVO JANEIRO', '50.00', 86),
(13, '2019-01-05', 'SECADOR CABELO 03/03', '53.00', 86),
(14, '2019-01-07', 'CHEQUE', '862.00', 61),
(15, '2019-01-08', 'EMPRESTIMO BRADESCO 01/2019', '863.00', 123),
(16, '2019-01-10', 'CREDITO PROMOCIONAL SICOOB', '2.48', 123),
(17, '2019-01-12', 'CHEQUE GELADEIRA 05/06', '126.33', 121),
(18, '2019-01-12', 'CHEQUE COMPRAS', '73.67', 121),
(19, '2019-01-12', 'SECADOR CABELO 03/03', '10.00', 86),
(20, '2019-01-12', 'CHEQUE MICHEL', '150.00', 98),
(21, '2019-01-14', 'LANCHE', '2.50', 4),
(22, '2019-01-14', 'CHEQUE', '35.00', 98),
(23, '2019-01-15', 'LANCHE', '6.00', 101),
(24, '2019-01-15', 'LANCHE', '20.00', 4),
(25, '2019-01-16', 'LASER 01/03', '108.36', 121),
(26, '2019-01-16', 'CHEQUE COMPRAS', '91.64', 121),
(27, '2019-01-16', 'CONTA VIVO JANEIRO', '36.66', 26),
(28, '2019-01-16', 'ROUPA 01/03', '70.34', 26),
(29, '2019-01-17', 'CHEQUE COMPRAS', '120.00', 118),
(30, '2019-01-19', 'CHEQUE COMPRAS', '80.00', 118),
(31, '2019-01-21', 'CHEQUE COMPRAS', '18.00', 118),
(32, '2019-01-21', 'CHEQUE COMPRAS', '940.00', 75),
(33, '2019-01-21', 'CHEQUE GELADEIRA 05/06', '10.00', 72),
(34, '2019-01-21', 'RENDIMENTO BANCO DO NORDESTE', '0.21', 123),
(35, '2019-01-22', 'CHEQUE COMPRAS', '540.00', 75),
(36, '2019-01-22', 'CHEQUE GELADEIRA 05/06', '116.00', 72),
(37, '2019-01-28', 'CHEQUE', '622.00', 61),
(38, '2019-01-28', 'CHEQUE', '1010.68', 61),
(39, '2019-01-28', 'CHEQUE', '220.00', 61),
(40, '2019-01-29', 'BENEFICIO INSS JANEIRO', '742.03', 3),
(41, '2019-01-31', 'RENDIMENTO BANCO DO BRADESCO', '0.01', 123),
(42, '2019-01-31', 'RENDIMENTO NUBANK', '0.01', 123),
(43, '2019-02-05', 'ANTECIPA??O SAL?RIAL', '389.16', 123),
(44, '2019-02-05', 'SAL?RIO FEVEREIRO', '1617.53', 123),
(45, '2019-02-05', 'ANU?NIO FEVEREIRO', '67.20', 123),
(46, '2019-02-05', 'GRATIFICA??O', '410.47', 123),
(47, '2019-02-05', 'COMISS?O FEVEREIRO', '78.13', 123),
(48, '2019-02-05', 'COMISS?O FEVEREIRO', '68.98', 103),
(49, '2019-02-05', 'EMPRESTIMO BRADESCO 01/2019', '462.05', 123),
(50, '2019-02-05', 'DEP?SITO', '300.00', 72),
(51, '2019-02-05', 'DEP?SITO', '20.00', 4),
(52, '2019-02-05', 'DEP?SITO', '270.00', 88),
(53, '2019-02-06', 'CONTA VIVO FEVEREIRO', '50.00', 86),
(54, '2019-02-06', 'CELULAR 01/10', '150.00', 86),
(55, '2019-02-11', 'ROUPA 02/03', '50.00', 26),
(56, '2019-02-11', 'LASER 02/03', '108.36', 121),
(57, '2019-02-11', 'CHEQUE GELADEIRA 06/06', '126.33', 121),
(58, '2019-02-11', 'CHEQUE REFRIGERANTE ANIVERS?RIO', '210.31', 121),
(59, '2019-02-11', 'CREDITO PROMOCIONAL SICOOB', '2.79', 123),
(60, '2019-02-13', 'EMPRESTIMO', '20.00', 4),
(61, '2019-02-13', 'ADIANTAMENTO VIAGEM CURSO', '698.57', 123),
(62, '2019-02-15', 'CHEQUE GELADEIRA 06/06', '126.00', 72),
(63, '2019-02-19', 'CONTA AGUA', '15.00', 98),
(64, '2019-02-20', 'CHEQUE COMPRAS', '1420.00', 75),
(65, '2019-02-26', 'BENEFICIO INSS FEVEREIRO', '742.03', 3),
(66, '2019-02-27', 'CHEQUE', '1015.00', 61),
(67, '2019-02-28', 'RENDIMENTO BANCO DO BRADESCO', '0.01', 123),
(68, '2019-03-01', 'ANTECIPA??O SAL?RIAL', '76.82', 123),
(69, '2019-03-01', 'SAL?RIO MAR?O', '1617.53', 123),
(70, '2019-03-01', 'ANU?NIO MAR?O', '89.60', 123),
(71, '2019-03-01', 'COMISS?O MAR?O', '128.47', 123),
(72, '2019-03-01', 'COMISS?O MAR?O', '119.23', 2),
(73, '2019-03-01', 'COMISS?O MAR?O', '119.23', 104),
(74, '2019-03-07', 'EMPRESTIMO BRADESCO 03/2019', '1333.92', 123),
(75, '2019-03-07', 'CELULAR 02/10', '150.00', 86),
(76, '2019-03-11', 'CHEQUE', '600.25', 61),
(77, '2019-03-11', 'CREDITO PROMOCIONAL SICOOB', '3.10', 123),
(78, '2019-03-13', 'EMPRESTIMO CART?O CETELEM', '642.00', 123),
(79, '2019-03-13', 'BOLETO CART?O SANTANDER', '290.00', 121),
(80, '2019-03-13', 'CHEQUE COMPRAS', '100.00', 121),
(81, '2019-03-13', 'CONTA VIVO MAR?O', '36.00', 86),
(82, '2019-03-13', 'LASER 03/03', '108.00', 121),
(83, '2019-03-13', 'ROUPA 02/03', '20.00', 26),
(84, '2019-03-13', 'ROUPA 03/03', '30.00', 26),
(85, '2019-03-14', 'CHEQUE COMPRAS', '65.30', 118),
(86, '2019-03-14', 'ROUPAS CECILIA 01/04', '101.00', 72),
(87, '2019-03-18', 'LANCHE', '10.00', 4),
(88, '2019-03-20', 'CHEQUE COMPRAS', '20.00', 118),
(89, '2019-03-26', 'CHEQUE COMPRAS', '700.00', 75),
(90, '2019-03-27', 'CHEQUE', '470.00', 61),
(91, '2019-03-27', 'BENEFICIO INSS MAR?O', '742.03', 3),
(92, '2019-04-02', 'BOLETO', '156.00', 74),
(93, '2019-04-04', 'RENDIMENTO ITA?', '0.01', 3),
(94, '2019-04-05', 'SAL?RIO ABRIL', '2004.29', 123),
(95, '2019-04-05', 'DIFEREN?A SAL?RIAL', '36.24', 123),
(96, '2019-04-05', 'ANU?NIO ABRIL', '93.96', 123),
(97, '2019-04-05', 'QUEBRA DE CAIXA', '17.75', 123),
(98, '2019-04-05', 'COMISS?O ABRIL', '97.41', 123),
(99, '2019-04-05', 'COMISS?O ABRIL', '88.08', 2),
(100, '2019-04-05', 'COMISS?O ABRIL', '88.08', 104),
(101, '2019-04-09', 'ROUPAS CECILIA 02/04', '101.00', 72),
(102, '2019-04-10', 'CREDITO PROMOCIONAL SICOOB', '2.17', 123),
(103, '2019-04-11', 'CREDITO CONSIGNADO SICOOB', '8227.74', 123),
(104, '2019-04-11', 'CONTA VIVO ABRIL', '35.99', 86),
(105, '2019-04-11', 'CELULAR 03/10', '150.00', 86),
(106, '2019-04-11', 'CHEQUE COMPRAS', '39.01', 121),
(107, '2019-04-14', 'BOLETO KETLIN', '274.20', 121),
(108, '2019-04-14', 'CHEQUE COMPRAS', '41.80', 121),
(109, '2019-04-15', 'EMPRESTIMO FUTEBOL', '10.00', 69),
(110, '2019-04-16', 'LANCHE', '12.00', 4),
(111, '2019-04-18', 'CONTA VIVO', '50.00', 120),
(112, '2019-04-18', 'BOLETO CART?O SANTANDER', '235.00', 121),
(113, '2019-04-19', 'CHEQUE COMPRAS', '98.00', 118),
(114, '2019-04-22', 'CHEQUE COMPRAS', '500.00', 75),
(115, '2019-04-22', 'EMPRESTIMO BRADESCO 04/2019', '452.50', 123),
(116, '2019-04-25', 'CHEQUE', '27.00', 61),
(117, '2019-04-25', 'CESTA COMPRA', '73.00', 61),
(118, '2019-04-26', 'BENEFICIO INSS ABRIL', '742.03', 3),
(119, '2019-04-30', 'RENDIMENTO NUBANK', '0.01', 123),
(120, '2019-05-01', 'CHEQUE', '200.00', 61),
(121, '2019-05-03', 'SAL?RIO MAIO', '2004.29', 123),
(122, '2019-05-03', 'ANU?NIO MAIO', '93.96', 123),
(123, '2019-05-03', 'COMISS?O MAIO', '82.08', 123),
(124, '2019-05-03', 'COMISS?O MAIO', '72.95', 2),
(125, '2019-05-03', 'COMISS?O MAIO', '72.95', 104),
(126, '2019-05-07', 'EMPRESTIMO BRADESCO 05/2019', '700.62', 123),
(127, '2019-05-07', 'CONTA VIVO', '50.00', 120),
(128, '2019-05-07', 'BOLETO CART?O', '8.50', 66),
(129, '2019-05-07', 'CONTA VIVO MAIO', '36.00', 86),
(130, '2019-05-07', 'CELULAR 04/10', '150.00', 86),
(131, '2019-05-09', 'KIT MAQUINA', '60.00', 98),
(132, '2019-05-09', 'ROUPA 03/03', '40.00', 26),
(133, '2019-05-09', 'BOLETO VIVO', '55.35', 121),
(134, '2019-05-09', 'BOLETO KETLIN', '279.26', 121),
(135, '2019-05-09', 'BOLETO CART?O SANTANDER', '233.20', 121),
(136, '2019-05-09', 'BOLETO CART?O BRASIL CARD 1', '332.88', 121),
(137, '2019-05-09', 'BOLETO CART?O BRASIL CARD 2', '232.65', 121),
(138, '2019-05-09', 'BOLETOS', '1.66', 121),
(139, '2019-05-10', 'CREDITO PROMOCIONAL SICOOB', '3.41', 123),
(140, '2019-05-10', 'ROUPAS CECILIA 03/04', '101.00', 72),
(141, '2019-05-17', 'DEP?SITO', '100.00', 85),
(142, '2019-05-27', 'RENDIMENTO BANCO DO NORDESTE', '0.06', 123),
(143, '2019-05-29', 'BENEFICIO INSS MAIO', '742.03', 3),
(144, '2019-05-30', 'ADIANTAMENTO F?RIAS', '2308.41', 123),
(145, '2019-05-30', '1/3 F?RIAS', '769.47', 123),
(146, '2019-05-31', '1? PARCELA 13? SAL?RIO', '1175.19', 123),
(147, '2019-05-31', 'RENDIMENTO BANCO DO BRADESCO', '0.01', 123),
(148, '2019-06-05', 'SAL?RIO JUNHO', '2004.29', 123),
(149, '2019-06-05', 'ANU?NIO JUNHO', '93.96', 123),
(150, '2019-06-05', 'QUEBRA DE CAIXA', '14.05', 123),
(151, '2019-06-05', 'COMISS?O JUNHO', '64.35', 123),
(152, '2019-06-05', 'COMISS?O JUNHO', '54.43', 2),
(153, '2019-06-06', 'CELULAR 05/10', '150.00', 86),
(154, '2019-06-06', 'CONTA VIVO JUNHO', '35.00', 86),
(155, '2019-06-06', 'CONTA VIVO', '50.00', 120),
(156, '2019-06-09', 'KIT MAQUINA', '100.00', 98),
(157, '2019-06-10', 'CREDITO PROMOCIONAL SICOOB', '5.27', 123),
(158, '2019-06-11', 'BOLETO CART?O SANTANDER', '178.00', 121),
(159, '2019-06-11', 'BOLETO CART?O BRASIL CARD 1', '214.00', 121),
(160, '2019-06-11', 'BOLETO KETLIN', '274.20', 121),
(162, '2019-06-11', 'FIOS 01/02', '133.80', 121),
(163, '2019-06-11', 'PAGAMENTO EMPRESTIMO', '180.00', 73),
(164, '2019-06-18', 'EMPRESTIMO BRADESCO 06/2019', '1800.00', 123),
(165, '2019-06-19', 'CHEQUE COMPRAS', '45.00', 118),
(166, '2019-06-21', 'BOLETO CART?O SANTANDER', '100.00', 121),
(167, '2019-06-26', 'BENEFICIO INSS JUNHO', '742.03', 3),
(168, '2019-07-05', 'CELULAR 06/10', '150.00', 86),
(169, '2019-07-05', 'CONTA VIVO JULHO', '36.00', 86),
(170, '2019-07-05', 'CONTA VIVO', '50.00', 120),
(171, '2019-07-05', 'SAL?RIO JULHO', '111.89', 123),
(172, '2019-07-05', 'COMISS?O JULHO', '48.90', 2),
(173, '2019-07-10', 'CREDITO PROMOCIONAL SICOOB', '3.41', 123),
(174, '2019-07-11', 'RENDIMENTO ITA?', '0.02', 3),
(175, '2019-07-12', 'BOLETO CART?O SANTANDER', '238.75', 121),
(176, '2019-07-12', 'BOLETO CART?O BRASIL CARD 1', '150.68', 121),
(177, '2019-07-12', 'BOLETO KETLIN', '210.00', 121),
(178, '2019-07-19', 'LANCHE', '3.00', 24),
(179, '2019-07-19', 'BOLETO', '250.00', 122),
(180, '2019-07-29', 'BENEFICIO INSS JULHO', '742.03', 3),
(181, '2019-08-01', 'EMPRESTIMO', '100.00', 4),
(182, '2019-08-05', 'SAL?RIO AGOSTO', '2004.29', 123),
(183, '2019-08-05', 'ANU?NIO AGOSTO', '93.96', 123),
(185, '2019-08-05', 'COMISS?O AGOSTO', '40.85', 2),
(186, '2019-08-06', 'EMPRESTIMO BRADESCO 07/2019', '803.23', 123),
(187, '2019-08-06', 'CELULAR 07/10', '150.00', 86),
(188, '2019-08-06', 'CONTA VIVO JULHO', '36.00', 86),
(189, '2019-08-09', 'LANCHE', '5.00', 104),
(190, '2019-08-12', 'CREDITO PROMOCIONAL SICOOB', '3.41', 123),
(191, '2019-08-12', 'BOLETO KETLIN', '210.00', 121),
(192, '2019-08-12', 'BOLETO CART?O', '238.75', 121),
(193, '2019-08-12', 'BOLETO CART?O', '146.00', 121),
(194, '2019-08-12', 'BOLETO CART?O', '173.64', 121),
(195, '2019-08-12', 'BOLETO VIVO', '55.37', 121),
(196, '2019-08-12', 'CHEQUE', '470.03', 38),
(197, '2019-08-12', 'CONTA VIVO', '50.00', 120),
(198, '2019-08-14', 'CREDITO CONSIGNADO ITA?', '1881.29', 3),
(199, '2019-08-18', 'BENEFICIO INSS AGOSTO', '1497.00', 3),
(200, '2019-08-29', 'RENDIMENTO ITA?', '0.01', 3),
(201, '2019-09-05', 'RENDIMENTO ITA?', '0.04', 3),
(202, '2019-09-05', 'SAL?RIO SETEMBRO', '2004.29', 123),
(203, '2019-09-05', 'ANU?NIO SETEMBRO', '93.96', 123),
(205, '2019-09-05', 'EMPRESTIMO', '100.00', 4),
(206, '2019-09-06', 'CELULAR 08/10', '100.00', 86),
(207, '2019-09-06', 'CONTA VIVO SETEMBRO', '35.00', 86),
(208, '2019-09-06', 'CONTA VIVO', '50.00', 120),
(209, '2019-09-08', 'ENVIO CORREIO', '24.00', 98),
(210, '2019-09-10', 'CREDITO PROMOCIONAL SICOOB', '3.72', 123),
(211, '2019-09-11', 'BOLETO BRASILCARD 1', '263.56', 121),
(212, '2019-09-11', 'BOLETO BRASILCARD 2', '466.30', 121),
(213, '2019-09-11', 'VIVO SETEMBRO', '55.35', 121),
(214, '2019-09-11', 'BOLETO SANTADER PARCIAL', '14.79', 121),
(215, '2019-09-12', 'EMPRESTIMO', '300.00', 87),
(216, '2019-09-13', 'RESTITUI??O IMPOSTO DE RENDA', '75.43', 123),
(217, '2019-09-15', 'BOLETO SANTADER PARCIAL', '204.00', 121),
(218, '2019-09-15', 'BOLETO KETLIN', '158.00', 121),
(219, '2019-09-26', 'BENEFICIO INSS SETEMBRO', '742.00', 3),
(220, '2019-09-27', 'CONTA DE LUZ', '90.00', 72),
(221, '2019-09-27', 'PAGAMENTO EMPRESTIMO', '100.00', 73),
(222, '2019-10-04', 'SAL?RIO SETEMBRO', '2004.29', 123),
(223, '2019-10-04', 'ANU?NIO SETEMBRO', '93.96', 123),
(225, '2019-10-05', 'CELULAR 08/10', '50.00', 86),
(226, '2019-10-05', 'CELULAR 09/10', '150.00', 86),
(227, '2019-10-05', 'CONTA VIVO OUTUBRO', '40.00', 86),
(228, '2019-10-05', 'CONTA VIVO', '50.00', 120),
(229, '2019-10-05', 'BOLETO KETLIN', '210.00', 121),
(230, '2019-10-05', 'BOLETO BRASILCARD 1', '113.40', 121),
(231, '2019-10-05', 'BOLETO BRASILCARD 2', '452.67', 121),
(232, '2019-10-05', 'VIVO SETEMBRO', '55.40', 121),
(233, '2019-10-05', 'BOLETO SANTADER', '289.95', 121),
(234, '2019-10-05', 'LASER 01/03', '188.58', 121),
(235, '2019-10-09', 'BER?O 01/03', '100.00', 98);

--
-- Indexes for dumped tables
--

--
-- Indexes for table `conta`
--
ALTER TABLE `conta`
  ADD PRIMARY KEY (`Id_Conta`);

--
-- Indexes for table `contato`
--
ALTER TABLE `contato`
  ADD PRIMARY KEY (`Id_Contato`);

--
-- Indexes for table `forma_pagamento`
--
ALTER TABLE `forma_pagamento`
  ADD PRIMARY KEY (`Id_FormaPagamento`);

--
-- Indexes for table `lancamento_conta`
--
ALTER TABLE `lancamento_conta`
  ADD PRIMARY KEY (`Id_LancamentoConta`);

--
-- Indexes for table `lancamento_pagamento`
--
ALTER TABLE `lancamento_pagamento`
  ADD PRIMARY KEY (`Id_LancamentoPagamento`);

--
-- Indexes for table `meu_pagamento`
--
ALTER TABLE `meu_pagamento`
  ADD PRIMARY KEY (`Id_MeuPagamento`),
  ADD KEY `FKj0m20we4rdc0oilqlcl06w6o3` (`Contato_MeuPagamento_Id_Contato`),
  ADD KEY `FK2lrbf9r5k1rlrg5f21bms7d19` (`Forma_MeuPagamento_Id_FormaPagamento`),
  ADD KEY `FK8cj93tqmpiuxhifwd7ugwk1ye` (`Lancamento_MeuPagamento_Id_LancamentoPagamento`);

--
-- Indexes for table `movimento_conta`
--
ALTER TABLE `movimento_conta`
  ADD PRIMARY KEY (`Id_MovimentoConta`),
  ADD KEY `FK5q3lrnb90ax4ih1ilyxmmbgc8` (`LancamentoConta_Id_LancamentoConta`),
  ADD KEY `FKn6u761kksue1wes1yy6r0pna8` (`Numero_Conta_Id_Conta`);

--
-- Indexes for table `outro_pagamento`
--
ALTER TABLE `outro_pagamento`
  ADD PRIMARY KEY (`Id_OutroPagamento`),
  ADD KEY `FKopabnktg70g0djquxavkod52o` (`Contato_OutroPagamento_Id_Contato`),
  ADD KEY `FK7qlmm9gmf7d7mvmreewv11wsw` (`Forma_OutroPagamento_Id_FormaPagamento`);

--
-- Indexes for table `recebimento`
--
ALTER TABLE `recebimento`
  ADD PRIMARY KEY (`Id_Recebimento`),
  ADD KEY `FKd2ayv73jrjrirsumv8l1qy30t` (`Contato_Recebimento_Id_Contato`);

--
-- AUTO_INCREMENT for dumped tables
--

--
-- AUTO_INCREMENT for table `conta`
--
ALTER TABLE `conta`
  MODIFY `Id_Conta` int(11) NOT NULL AUTO_INCREMENT, AUTO_INCREMENT=5;

--
-- AUTO_INCREMENT for table `contato`
--
ALTER TABLE `contato`
  MODIFY `Id_Contato` int(11) NOT NULL AUTO_INCREMENT, AUTO_INCREMENT=124;

--
-- AUTO_INCREMENT for table `forma_pagamento`
--
ALTER TABLE `forma_pagamento`
  MODIFY `Id_FormaPagamento` int(11) NOT NULL AUTO_INCREMENT, AUTO_INCREMENT=14;

--
-- AUTO_INCREMENT for table `lancamento_conta`
--
ALTER TABLE `lancamento_conta`
  MODIFY `Id_LancamentoConta` int(11) NOT NULL AUTO_INCREMENT, AUTO_INCREMENT=18;

--
-- AUTO_INCREMENT for table `lancamento_pagamento`
--
ALTER TABLE `lancamento_pagamento`
  MODIFY `Id_LancamentoPagamento` int(11) NOT NULL AUTO_INCREMENT, AUTO_INCREMENT=51;

--
-- AUTO_INCREMENT for table `meu_pagamento`
--
ALTER TABLE `meu_pagamento`
  MODIFY `Id_MeuPagamento` int(11) NOT NULL AUTO_INCREMENT, AUTO_INCREMENT=627;

--
-- AUTO_INCREMENT for table `movimento_conta`
--
ALTER TABLE `movimento_conta`
  MODIFY `Id_MovimentoConta` int(11) NOT NULL AUTO_INCREMENT, AUTO_INCREMENT=606;

--
-- AUTO_INCREMENT for table `outro_pagamento`
--
ALTER TABLE `outro_pagamento`
  MODIFY `Id_OutroPagamento` int(11) NOT NULL AUTO_INCREMENT, AUTO_INCREMENT=159;

--
-- AUTO_INCREMENT for table `recebimento`
--
ALTER TABLE `recebimento`
  MODIFY `Id_Recebimento` int(11) NOT NULL AUTO_INCREMENT, AUTO_INCREMENT=236;

--
-- Constraints for dumped tables
--

--
-- Limitadores para a tabela `meu_pagamento`
--
ALTER TABLE `meu_pagamento`
  ADD CONSTRAINT `FK2lrbf9r5k1rlrg5f21bms7d19` FOREIGN KEY (`Forma_MeuPagamento_Id_FormaPagamento`) REFERENCES `forma_pagamento` (`Id_FormaPagamento`),
  ADD CONSTRAINT `FK8cj93tqmpiuxhifwd7ugwk1ye` FOREIGN KEY (`Lancamento_MeuPagamento_Id_LancamentoPagamento`) REFERENCES `lancamento_pagamento` (`Id_LancamentoPagamento`),
  ADD CONSTRAINT `FKj0m20we4rdc0oilqlcl06w6o3` FOREIGN KEY (`Contato_MeuPagamento_Id_Contato`) REFERENCES `contato` (`Id_Contato`);

--
-- Limitadores para a tabela `movimento_conta`
--
ALTER TABLE `movimento_conta`
  ADD CONSTRAINT `FK5q3lrnb90ax4ih1ilyxmmbgc8` FOREIGN KEY (`LancamentoConta_Id_LancamentoConta`) REFERENCES `lancamento_conta` (`Id_LancamentoConta`),
  ADD CONSTRAINT `FKn6u761kksue1wes1yy6r0pna8` FOREIGN KEY (`Numero_Conta_Id_Conta`) REFERENCES `conta` (`Id_Conta`);

--
-- Limitadores para a tabela `outro_pagamento`
--
ALTER TABLE `outro_pagamento`
  ADD CONSTRAINT `FK7qlmm9gmf7d7mvmreewv11wsw` FOREIGN KEY (`Forma_OutroPagamento_Id_FormaPagamento`) REFERENCES `forma_pagamento` (`Id_FormaPagamento`),
  ADD CONSTRAINT `FKopabnktg70g0djquxavkod52o` FOREIGN KEY (`Contato_OutroPagamento_Id_Contato`) REFERENCES `contato` (`Id_Contato`);

--
-- Limitadores para a tabela `recebimento`
--
ALTER TABLE `recebimento`
  ADD CONSTRAINT `FKd2ayv73jrjrirsumv8l1qy30t` FOREIGN KEY (`Contato_Recebimento_Id_Contato`) REFERENCES `contato` (`Id_Contato`);
COMMIT;

/*!40101 SET CHARACTER_SET_CLIENT=@OLD_CHARACTER_SET_CLIENT */;
/*!40101 SET CHARACTER_SET_RESULTS=@OLD_CHARACTER_SET_RESULTS */;
/*!40101 SET COLLATION_CONNECTION=@OLD_COLLATION_CONNECTION */;
